--
-- PostgreSQL database dump
--

-- Dumped from database version 13.20
-- Dumped by pg_dump version 13.20

SET statement_timeout = 0;
SET lock_timeout = 0;
SET idle_in_transaction_session_timeout = 0;
SET client_encoding = 'UTF8';
SET standard_conforming_strings = on;
SELECT pg_catalog.set_config('search_path', '', false);
SET check_function_bodies = false;
SET xmloption = content;
SET client_min_messages = warning;
SET row_security = off;

--
-- Data for Name: BoardingHouses; Type: TABLE DATA; Schema: public; Owner: wjccfjxl_residenza
--

INSERT INTO public."BoardingHouses"
VALUES
('65bc3fad-94cd-4ac4-8758-670f36f28ec2', 'Residenza Jakarta', 'Jl. Utan panjang III No.18 Kemayoran Jakarta Pusat', 'The Best Residence in Town', '2025-04-30 06:28:51.722+07', '2025-04-30 06:28:51.722+07'),
('e3d94fb3-4e85-4d28-a5b2-9674e9662ab2', 'Residenza Solo', 'Jl. kerinci Dalam, Sekip, RT 04, RW 02, Banjarsari, Surakarta', 'The Best Residence in Town', '2025-04-30 06:44:43.367+07', '2025-04-30 06:44:43.367+07');


--
-- Data for Name: Prices; Type: TABLE DATA; Schema: public; Owner: wjccfjxl_residenza
--

INSERT INTO public."Prices" 
VALUES
('a2c30ace-21fb-413d-9117-f4481c3df1a0', 'e3d94fb3-4e85-4d28-a5b2-9674e9662ab2', 'Standard', 'Base Rent', 1000000, 'Base rent for Standard room', 's.sarjiman@gmail.com', 's.sarjiman@gmail.com', 'active', '2025-05-01 12:46:48.694+07', '2025-05-01 12:46:48.694+07'),
('3d4337ef-940e-4bc5-86d9-c94f43d04776', 'e3d94fb3-4e85-4d28-a5b2-9674e9662ab2', 'Standard', 'Base Rent', 1000000, 'Base rent for Standard room', 's.sarjiman@gmail.com', 's.sarjiman@gmail.com', 'active', '2025-05-01 14:39:39.707+07', '2025-05-01 14:39:39.707+07'),
('8f528617-5fa0-4fc8-aadf-45ee4ee7f63e', 'e3d94fb3-4e85-4d28-a5b2-9674e9662ab2', 'Standard', 'Base Rent', 1000000, 'Base rent for Standard room', 's.sarjiman@gmail.com', 's.sarjiman@gmail.com', 'active', '2025-05-01 14:46:28.626+07', '2025-05-01 14:46:28.626+07'),
('9098c8b9-13a1-4c00-921c-b3d48b44228e', 'e3d94fb3-4e85-4d28-a5b2-9674e9662ab2', 'Standard', 'Base Rent', 1000000, 'Base rent for Standard room', 's.sarjiman@gmail.com', 's.sarjiman@gmail.com', 'active', '2025-05-01 14:48:42.653+07', '2025-05-01 14:48:42.653+07'),
('063737b6-0480-43e7-9985-47c0d89c3b4d', 'e3d94fb3-4e85-4d28-a5b2-9674e9662ab2', 'Standard', 'Base Rent', 1000000, 'Base rent for Standard room', 's.sarjiman@gmail.com', 's.sarjiman@gmail.com', 'active', '2025-05-11 16:11:16.772+07', '2025-05-11 16:11:16.772+07'),
('b7d5ec17-fc66-4166-a869-9cc180c11c60', 'e3d94fb3-4e85-4d28-a5b2-9674e9662ab2', 'Standard', 'Sewa kamar', 1000000, 'Sewa kamar 02', 'aji.b.respati@gmail.com', 'aji.b.respati@gmail.com', 'active', '2025-05-30 14:51:14.849+07', '2025-05-30 14:51:14.849+07'),
('15bbdf62-31d2-4ffc-adf6-1d45eda02eef', 'e3d94fb3-4e85-4d28-a5b2-9674e9662ab2', 'Standard', 'Sewa kamar', 1000000, 'Sewa kamar 05', 'aji.b.respati@gmail.com', 'aji.b.respati@gmail.com', 'active', '2025-05-30 17:08:15.696+07', '2025-05-30 17:08:15.696+07'),
('cecbace7-79c3-42ee-8e02-b25eeeb4c05b', 'e3d94fb3-4e85-4d28-a5b2-9674e9662ab2', 'Standard', 'Sewa kamar', 1000000, 'Sewa kamar 08', 'aji.b.respati@gmail.com', 'aji.b.respati@gmail.com', 'active', '2025-05-30 17:17:43.882+07', '2025-05-30 17:17:43.882+07'),
('ecad56a0-c952-4136-8dc9-f1ade69c2474', 'e3d94fb3-4e85-4d28-a5b2-9674e9662ab2', 'Standard', 'Sewa kamar', 1200000, 'Sewa kamar 10', 'aji.b.respati@gmail.com', 'aji.b.respati@gmail.com', 'active', '2025-05-30 17:27:14.803+07', '2025-05-30 17:27:14.803+07'),
('7ab7754e-f72f-4398-a5c2-c9bac143bea2', 'e3d94fb3-4e85-4d28-a5b2-9674e9662ab2', 'Standard', 'Sewa kamar', 1000000, 'Sewa kamar 01', 'aji.b.respati@gmail.com', 'aji.b.respati@gmail.com', 'active', '2025-05-30 17:38:31.545+07', '2025-05-30 17:38:31.545+07'),
('7b3aaa3c-a1f8-4ad9-98d9-7fb2a603466b', 'e3d94fb3-4e85-4d28-a5b2-9674e9662ab2', 'Standard', 'Sewa kamar', 1000000, 'Sewa kamar 04', 'aji.b.respati@gmail.com', 'aji.b.respati@gmail.com', 'active', '2025-06-01 11:28:08.527+07', '2025-06-01 11:28:08.527+07'),
('a4c2feff-ace6-447e-b303-996e43221bc8', 'e3d94fb3-4e85-4d28-a5b2-9674e9662ab2', 'Standard', 'Sewa kamar', 1000000, 'Sewa kamar 02', 'aji.b.respati@gmail.com', 'aji.b.respati@gmail.com', 'active', '2025-06-01 11:37:01.852+07', '2025-06-01 11:37:01.852+07'),
('d162d8d4-d9b2-4c07-91c2-8b1cd61095fc', 'e3d94fb3-4e85-4d28-a5b2-9674e9662ab2', 'Standard', 'Sewa kamar', 1000000, 'Sewa kamar 05', 'aji.b.respati@gmail.com', 'aji.b.respati@gmail.com', 'active', '2025-06-01 11:40:57.059+07', '2025-06-01 11:40:57.059+07'),
('9acd2f00-4dc7-4e4c-ae18-bef5ed3a65c9', 'e3d94fb3-4e85-4d28-a5b2-9674e9662ab2', 'Standard', 'Sewa kamar', 1000000, 'Sewa kamar 08', 'aji.b.respati@gmail.com', 'aji.b.respati@gmail.com', 'active', '2025-06-01 11:43:18.544+07', '2025-06-01 11:43:18.544+07'),
('c1d64875-721c-4183-b7e8-135e60d6c255', 'e3d94fb3-4e85-4d28-a5b2-9674e9662ab2', 'Standard', 'Sewa kamar', 1000000, 'Sewa kamar 01', 'aji.b.respati@gmail.com', 'aji.b.respati@gmail.com', 'active', '2025-06-01 11:46:55.775+07', '2025-06-01 11:46:55.775+07'),
('35211396-a979-435f-b5e1-f8e778bee895', 'e3d94fb3-4e85-4d28-a5b2-9674e9662ab2', 'Standard', 'Sewa kamar', 1200000, 'Sewa kamar 10', 'aji.b.respati@gmail.com', 'aji.b.respati@gmail.com', 'active', '2025-06-01 11:50:17.013+07', '2025-06-01 11:50:17.013+07'),
('231aa537-4f87-44b9-83ba-876f4d182601', 'e3d94fb3-4e85-4d28-a5b2-9674e9662ab2', 'Standard', 'Sewa kamar', 1000000, 'Sewa kamar 04', 'aji.b.respati@gmail.com', 'aji.b.respati@gmail.com', 'active', '2025-06-01 15:54:57.532+07', '2025-06-01 15:54:57.532+07'),
('9a1203e3-78fb-44e7-8d17-e41ad798e7ac', 'e3d94fb3-4e85-4d28-a5b2-9674e9662ab2', 'Standard', 'Sewa kamar', 1000000, 'Sewa kamar 04', 'aji.b.respati@gmail.com', 'aji.b.respati@gmail.com', 'active', '2025-06-01 16:21:20.53+07', '2025-06-01 16:21:20.53+07'),
('bb757cdb-608e-4bab-90d4-45175d32c6bd', 'e3d94fb3-4e85-4d28-a5b2-9674e9662ab2', 'Standard', 'Sewa kamar', 1000000, 'Sewa kamar 02', 'aji.b.respati@gmail.com', 'aji.b.respati@gmail.com', 'active', '2025-06-01 16:29:06.833+07', '2025-06-01 16:29:06.833+07'),
('7130866e-a196-4a17-95b1-45a2288e81c7', 'e3d94fb3-4e85-4d28-a5b2-9674e9662ab2', 'Standard', 'Sewa kamar', 1000000, 'Sewa kamar 05', 'aji.b.respati@gmail.com', 'aji.b.respati@gmail.com', 'active', '2025-06-01 16:32:04.499+07', '2025-06-01 16:32:04.499+07'),
('72e3e99d-df57-4745-bf7f-a6efd92b6a5a', 'e3d94fb3-4e85-4d28-a5b2-9674e9662ab2', 'Standard', 'Sewa kamar', 1000000, 'Sewa kamar 08', 'aji.b.respati@gmail.com', 'aji.b.respati@gmail.com', 'active', '2025-06-01 16:34:10.317+07', '2025-06-01 16:34:10.317+07'),
('437e767f-452d-4bb3-96ae-02bd15424aa4', 'e3d94fb3-4e85-4d28-a5b2-9674e9662ab2', 'Standard', 'Sewa kamar', 1000000, 'Sewa kamar 01', 'aji.b.respati@gmail.com', 'aji.b.respati@gmail.com', 'active', '2025-06-01 16:36:00.979+07', '2025-06-01 16:36:00.979+07'),
('2b8d9903-5dcf-4bf2-9072-60b9100054e4', 'e3d94fb3-4e85-4d28-a5b2-9674e9662ab2', 'Standard', 'Sewa kamar', 1200000, 'Sewa kamar 10', 'aji.b.respati@gmail.com', 'aji.b.respati@gmail.com', 'active', '2025-06-01 16:38:32.321+07', '2025-06-01 16:38:32.321+07'),
('97843f34-f3dc-4d03-9ce4-e7d3029396ff', 'e3d94fb3-4e85-4d28-a5b2-9674e9662ab2', 'Standard', 'Sewa kamar', 1000000, 'Sewa kamar 08', 'aji.b.respati@gmail.com', 'aji.b.respati@gmail.com', 'active', '2025-06-01 19:23:38.496+07', '2025-06-01 19:23:38.496+07'),
('644bf3d4-ab8c-4a8d-9bc9-4ce9cc5ab216', 'e3d94fb3-4e85-4d28-a5b2-9674e9662ab2', 'Standard', 'Sewa kamar', 1000000, 'Sewa kamar 03', 's.sarjiman@gmail.com', 's.sarjiman@gmail.com', 'active', '2025-06-08 15:17:53.922+07', '2025-06-08 15:17:53.922+07'),
('970162b0-781d-45d6-b72e-a4b3a8e0d549', 'e3d94fb3-4e85-4d28-a5b2-9674e9662ab2', 'Standard', 'Sewa kamar', 500000, 'Sewa kamar 11', 's.sarjiman@gmail.com', 's.sarjiman@gmail.com', 'active', '2025-06-08 15:19:47.482+07', '2025-06-08 15:19:47.482+07'),
('80798f28-ab0e-467d-8337-a283724deac5', '65bc3fad-94cd-4ac4-8758-670f36f28ec2', 'Standard', 'Sewa kamar', 1100000, 'Sewa kamar 01', 's.sarjiman@gmail.com', 's.sarjiman@gmail.com', 'active', '2025-06-15 08:47:37.275+07', '2025-06-15 08:47:37.275+07'),
('5113f1cf-ff10-457c-9846-83e5370360eb', '65bc3fad-94cd-4ac4-8758-670f36f28ec2', 'Standard', 'Sewa kamar', 950000, 'Sewa kamar 02', 's.sarjiman@gmail.com', 's.sarjiman@gmail.com', 'active', '2025-06-15 09:24:39.673+07', '2025-06-15 09:24:39.673+07'),
('2c342866-d4ad-4579-a4e0-bb8bcfd62452', '65bc3fad-94cd-4ac4-8758-670f36f28ec2', 'Standard', 'Sewa kamar', 950000, 'Sewa kamar 04', 's.sarjiman@gmail.com', 's.sarjiman@gmail.com', 'active', '2025-06-15 09:26:32.615+07', '2025-06-15 09:26:32.615+07'),
('dd704d8c-2911-401c-a301-ae5c18a1c957', '65bc3fad-94cd-4ac4-8758-670f36f28ec2', 'Standard', 'Sewa kamar', 1050000, 'Sewa kamar 05', 's.sarjiman@gmail.com', 's.sarjiman@gmail.com', 'active', '2025-06-15 09:47:47.603+07', '2025-06-15 09:47:47.603+07'),
('97156565-b818-4b98-8bba-339497942032', 'e3d94fb3-4e85-4d28-a5b2-9674e9662ab2', 'Standard', 'Sewa kamar', 800000, 'Sewa kamar 08', 's.sarjiman@gmail.com', 's.sarjiman@gmail.com', 'active', '2025-07-01 07:44:34.08+07', '2025-07-01 07:44:34.08+07'),
('977b0400-26a5-4f01-acce-a6aa1ae51980', 'e3d94fb3-4e85-4d28-a5b2-9674e9662ab2', 'Standard', 'Sewa kamar', 400000, 'Sewa kamar 04', 's.sarjiman@gmail.com', 's.sarjiman@gmail.com', 'active', '2025-07-06 11:20:50.227+07', '2025-07-06 11:20:50.227+07'),
('8b84adcf-d02e-48c1-9f4e-d5b27434d7ee', 'e3d94fb3-4e85-4d28-a5b2-9674e9662ab2', 'Standard', 'Sewa kamar', 1000000, 'Sewa kamar 08', 's.sarjiman@gmail.com', 's.sarjiman@gmail.com', 'active', '2025-07-10 21:09:55.592+07', '2025-07-10 21:09:55.592+07'),
('e1a02db4-9fa8-490c-a614-adac4306093b', 'e3d94fb3-4e85-4d28-a5b2-9674e9662ab2', 'Standard', 'Sewa kamar', 600000, 'Sewa kamar 05', 's.sarjiman@gmail.com', 's.sarjiman@gmail.com', 'active', '2025-07-16 21:34:13.833+07', '2025-07-16 21:34:13.833+07'),
('5eae087b-4b57-4cae-b288-a12c01581454', 'e3d94fb3-4e85-4d28-a5b2-9674e9662ab2', 'Standard', 'Sewa kamar', 500000, 'Sewa kamar 12', 's.sarjiman@gmail.com', 's.sarjiman@gmail.com', 'active', '2025-07-16 21:37:44.699+07', '2025-07-16 21:37:44.699+07'),
('d5a61945-2719-468d-8a15-bc42e3b65c9a', '65bc3fad-94cd-4ac4-8758-670f36f28ec2', 'Standard', 'Sewa kamar', 1100000, 'Sewa kamar 06', 's.sarjiman@gmail.com', 's.sarjiman@gmail.com', 'active', '2025-07-18 21:43:39.247+07', '2025-07-18 21:43:39.247+07'),
('850eddfb-931e-40e5-9b32-db2f7acba034', '65bc3fad-94cd-4ac4-8758-670f36f28ec2', 'Standard', 'Sewa kamar', 1000000, 'Sewa kamar 07', 's.sarjiman@gmail.com', 's.sarjiman@gmail.com', 'active', '2025-07-19 10:33:20.191+07', '2025-07-19 10:33:20.191+07'),
('c9f2eeb5-5941-4a03-9a7d-388cce7c984e', '65bc3fad-94cd-4ac4-8758-670f36f28ec2', 'Standard', 'Sewa kamar', 1100000, 'Sewa kamar 08', 's.sarjiman@gmail.com', 's.sarjiman@gmail.com', 'active', '2025-07-19 10:39:16.44+07', '2025-07-19 10:39:16.44+07'),
('5ba39144-2c57-4cf1-9225-1a01b27af758', '65bc3fad-94cd-4ac4-8758-670f36f28ec2', 'Standard', 'Sewa kamar', 1050000, 'Sewa kamar 10', 's.sarjiman@gmail.com', 's.sarjiman@gmail.com', 'active', '2025-07-19 10:41:25.312+07', '2025-07-19 10:41:25.312+07'),
('a01a32ba-545e-457e-bdc0-2d6b2560b0b8', '65bc3fad-94cd-4ac4-8758-670f36f28ec2', 'Standard', 'Sewa kamar', 1050000, 'Sewa kamar 11', 's.sarjiman@gmail.com', 's.sarjiman@gmail.com', 'active', '2025-07-19 10:44:39.175+07', '2025-07-19 10:44:39.175+07'),
('7db2ad45-a71c-4712-96d4-632bd10e2335', '65bc3fad-94cd-4ac4-8758-670f36f28ec2', 'Standard', 'Sewa kamar', 1050000, 'Sewa kamar 12', 's.sarjiman@gmail.com', 's.sarjiman@gmail.com', 'active', '2025-07-19 10:46:32.982+07', '2025-07-19 10:46:32.982+07'),
('732a40c8-94d9-41c3-9800-cc30ce5478e9', '65bc3fad-94cd-4ac4-8758-670f36f28ec2', 'Standard', 'Sewa kamar', 105000, 'Sewa kamar 13', 's.sarjiman@gmail.com', 's.sarjiman@gmail.com', 'active', '2025-07-19 10:47:48.804+07', '2025-07-19 10:47:48.804+07'),
('0e235bb7-2785-4c2e-ab37-7531334a9fd8', '65bc3fad-94cd-4ac4-8758-670f36f28ec2', 'Standard', 'Sewa kamar', 1200000, 'Sewa kamar 14', 's.sarjiman@gmail.com', 's.sarjiman@gmail.com', 'active', '2025-07-19 10:49:43.814+07', '2025-07-19 10:49:43.814+07'),
('8661dcc9-55ac-4faa-b888-52dedf1f3ef1', '65bc3fad-94cd-4ac4-8758-670f36f28ec2', 'Standard', 'Sewa kamar', 1050000, 'Sewa kamar 15', 's.sarjiman@gmail.com', 's.sarjiman@gmail.com', 'active', '2025-07-19 10:50:55.282+07', '2025-07-19 10:50:55.282+07'),
('15ff3468-5266-4566-b6c4-92da58724746', '65bc3fad-94cd-4ac4-8758-670f36f28ec2', 'Standard', 'Sewa kamar', 950000, 'Sewa kamar 17', 's.sarjiman@gmail.com', 's.sarjiman@gmail.com', 'active', '2025-07-19 12:36:40.959+07', '2025-07-19 12:36:40.959+07'),
('87f72ba9-950a-43fd-98dc-dd73153d0f36', '65bc3fad-94cd-4ac4-8758-670f36f28ec2', 'Standard', 'Sewa kamar', 1050000, 'Sewa kamar 18', 's.sarjiman@gmail.com', 's.sarjiman@gmail.com', 'active', '2025-07-19 12:39:20.071+07', '2025-07-19 12:39:20.071+07'),
('8b66b144-a6f3-49d2-ade6-c759e68c8563', '65bc3fad-94cd-4ac4-8758-670f36f28ec2', 'Standard', 'Sewa kamar', 950000, 'Sewa kamar 19', 's.sarjiman@gmail.com', 's.sarjiman@gmail.com', 'active', '2025-07-19 12:42:09.557+07', '2025-07-19 12:42:09.557+07'),
('0720eb41-2f35-4406-bbc0-6122e21b65cb', '65bc3fad-94cd-4ac4-8758-670f36f28ec2', 'Standard', 'Sewa kamar', 1050000, 'Sewa kamar 20', 's.sarjiman@gmail.com', 's.sarjiman@gmail.com', 'active', '2025-07-19 12:54:47.901+07', '2025-07-19 12:54:47.901+07'),
('14641b48-b711-4586-a574-7f2bfeb57e62', '65bc3fad-94cd-4ac4-8758-670f36f28ec2', 'Standard', 'Sewa kamar', 1050000, 'Sewa kamar 21', 's.sarjiman@gmail.com', 's.sarjiman@gmail.com', 'active', '2025-07-19 12:56:24.526+07', '2025-07-19 12:56:24.526+07'),
('fc03252e-75d6-4c27-8084-1a5ebe97b489', '65bc3fad-94cd-4ac4-8758-670f36f28ec2', 'Standard', 'Sewa kamar', 1150000, 'Sewa kamar 22', 's.sarjiman@gmail.com', 's.sarjiman@gmail.com', 'active', '2025-07-19 12:59:25.616+07', '2025-07-19 12:59:25.616+07'),
('3695cfc8-e132-45e5-9bd1-154f6215147f', '65bc3fad-94cd-4ac4-8758-670f36f28ec2', 'Standard', 'Sewa kamar', 1000000, 'Sewa kamar 23', 's.sarjiman@gmail.com', 's.sarjiman@gmail.com', 'active', '2025-07-19 13:01:27.178+07', '2025-07-19 13:01:27.178+07'),
('ba70d6d2-d54b-4cae-98c7-22728f1b3049', '65bc3fad-94cd-4ac4-8758-670f36f28ec2', 'Standard', 'Sewa kamar', 1150000, 'Sewa kamar 24', 's.sarjiman@gmail.com', 's.sarjiman@gmail.com', 'active', '2025-07-19 13:02:48.418+07', '2025-07-19 13:02:48.418+07'),
('9a1345d4-d743-431a-a70d-51ef11d919c2', '65bc3fad-94cd-4ac4-8758-670f36f28ec2', 'Standard', 'Sewa kamar', 1200000, 'Sewa kamar 27', 's.sarjiman@gmail.com', 's.sarjiman@gmail.com', 'active', '2025-07-19 14:42:49.858+07', '2025-07-19 14:42:49.858+07'),
('1795a1a4-5bab-4f8a-8835-51c456458c4f', '65bc3fad-94cd-4ac4-8758-670f36f28ec2', 'Standard', 'Sewa kamar', 1250000, 'Sewa kamar 28', 's.sarjiman@gmail.com', 's.sarjiman@gmail.com', 'active', '2025-07-19 14:44:33.648+07', '2025-07-19 14:44:33.648+07'),
('2a23c01a-ae9b-4452-8572-204746bbe831', '65bc3fad-94cd-4ac4-8758-670f36f28ec2', 'Standard', 'Sewa kamar', 1250000, 'Sewa kamar 29', 's.sarjiman@gmail.com', 's.sarjiman@gmail.com', 'active', '2025-07-19 14:46:42.045+07', '2025-07-19 14:46:42.045+07'),
('f7332867-506c-4f7d-8678-4b7cc3fd22e4', '65bc3fad-94cd-4ac4-8758-670f36f28ec2', 'Standard', 'Sewa kamar', 1350000, 'Sewa kamar 30', 's.sarjiman@gmail.com', 's.sarjiman@gmail.com', 'active', '2025-07-19 14:48:56.784+07', '2025-07-19 14:48:56.784+07'),
('5379189b-a782-47da-b80f-05ce5f44483e', '65bc3fad-94cd-4ac4-8758-670f36f28ec2', 'Standard', 'Sewa kamar', 1300000, 'Sewa kamar 31', 's.sarjiman@gmail.com', 's.sarjiman@gmail.com', 'active', '2025-07-19 14:53:22.126+07', '2025-07-19 14:53:22.126+07'),
('ebfa740e-a8af-49b2-9e25-4e687b57e19f', '65bc3fad-94cd-4ac4-8758-670f36f28ec2', 'Standard', 'Sewa kamar', 1350000, 'Sewa kamar 32', 's.sarjiman@gmail.com', 's.sarjiman@gmail.com', 'active', '2025-07-19 14:54:51.879+07', '2025-07-19 14:54:51.879+07'),
('41b9c27a-5d24-4bfc-9db0-b32c9265046b', '65bc3fad-94cd-4ac4-8758-670f36f28ec2', 'Standard', 'Sewa kamar', 1350000, 'Sewa kamar 33', 's.sarjiman@gmail.com', 's.sarjiman@gmail.com', 'active', '2025-07-19 14:57:25.461+07', '2025-07-19 14:57:25.461+07'),
('a5246172-ed47-4657-a6b2-69df1dbbaf5d', '65bc3fad-94cd-4ac4-8758-670f36f28ec2', 'Standard', 'Sewa kamar', 1350000, 'Sewa kamar 34', 's.sarjiman@gmail.com', 's.sarjiman@gmail.com', 'active', '2025-07-19 15:00:43.701+07', '2025-07-19 15:00:43.701+07'),
('1643db42-cc3f-441a-b1d3-12440d4a005a', '65bc3fad-94cd-4ac4-8758-670f36f28ec2', 'Standard', 'Sewa kamar', 1350000, 'Sewa kamar 35', 's.sarjiman@gmail.com', 's.sarjiman@gmail.com', 'active', '2025-07-19 15:02:24.503+07', '2025-07-19 15:02:24.503+07'),
('d42761b5-f6db-47e0-bfc0-f2788e712815', '65bc3fad-94cd-4ac4-8758-670f36f28ec2', 'Standard', 'Sewa kamar', 500000, 'Sewa kamar 37', 's.sarjiman@gmail.com', 's.sarjiman@gmail.com', 'active', '2025-07-19 15:04:20.305+07', '2025-07-19 15:04:20.305+07'),
('8a9f475d-d2f5-4780-8e4a-6c80a40040eb', '65bc3fad-94cd-4ac4-8758-670f36f28ec2', 'Standard', 'Sewa kamar', 1100000, 'Sewa kamar 38', 's.sarjiman@gmail.com', 's.sarjiman@gmail.com', 'active', '2025-07-19 15:05:58.909+07', '2025-07-19 15:05:58.909+07'),
('d80657ea-8577-429d-9551-994628999ec2', '65bc3fad-94cd-4ac4-8758-670f36f28ec2', 'Standard', 'Sewa kamar', 1100000, 'Sewa kamar 39', 's.sarjiman@gmail.com', 's.sarjiman@gmail.com', 'active', '2025-07-19 15:07:21.753+07', '2025-07-19 15:07:21.753+07'),
('9b6173d5-6253-4792-a790-01db849b991e', '65bc3fad-94cd-4ac4-8758-670f36f28ec2', 'Standard', 'Sewa kamar', 1100000, 'Sewa kamar 40', 's.sarjiman@gmail.com', 's.sarjiman@gmail.com', 'active', '2025-07-19 15:08:33.856+07', '2025-07-19 15:08:33.856+07');


--
-- Data for Name: Rooms; Type: TABLE DATA; Schema: public; Owner: wjccfjxl_residenza
--

INSERT INTO public."Rooms" 
VALUES 
('87afb529-b705-4f62-b350-4792941c6163', '65bc3fad-94cd-4ac4-8758-670f36f28ec2', NULL, '03', 'Tersedia', 'Standard', 'Kamar 03', 'aji.b.respati@gmail.com', 'aji.b.respati@gmail.com', '2025-04-30 06:31:14.218+07', '2025-04-30 06:31:14.218+07'),
('f23ca9f6-1a43-4011-9ad6-90bce3ab61e3', '65bc3fad-94cd-4ac4-8758-670f36f28ec2', NULL, '09', 'Tersedia', 'Standard', 'Kamar 09', 'aji.b.respati@gmail.com', 'aji.b.respati@gmail.com', '2025-04-30 06:32:46.933+07', '2025-04-30 06:32:46.933+07'),
('de9633ec-5bad-4c28-b80c-6db6addf2c05', '65bc3fad-94cd-4ac4-8758-670f36f28ec2', NULL, '16', 'Tersedia', 'Standard', 'Kamar 16', 'aji.b.respati@gmail.com', 'aji.b.respati@gmail.com', '2025-04-30 06:34:42.106+07', '2025-04-30 06:34:42.106+07'),
('b137492c-cc1a-473b-bdee-1478721ff763', '65bc3fad-94cd-4ac4-8758-670f36f28ec2', NULL, '25', 'Tersedia', 'Standard', 'Kamar 25', 'aji.b.respati@gmail.com', 'aji.b.respati@gmail.com', '2025-04-30 06:36:44.896+07', '2025-04-30 06:36:44.896+07'),
('b03100e2-b7ca-41d3-a890-17e62cb11bd1', '65bc3fad-94cd-4ac4-8758-670f36f28ec2', NULL, '26', 'Tersedia', 'Standard', 'Kamar 26', 'aji.b.respati@gmail.com', 'aji.b.respati@gmail.com', '2025-04-30 06:36:59.055+07', '2025-04-30 06:36:59.055+07'),
('d7614834-7446-4990-bc0e-1fe7a26b5ae4', '65bc3fad-94cd-4ac4-8758-670f36f28ec2', NULL, '36', 'Tersedia', 'Standard', 'Kamar 36', 'aji.b.respati@gmail.com', 'aji.b.respati@gmail.com', '2025-04-30 06:38:56.521+07', '2025-04-30 06:38:56.521+07'),
('def05d9a-3b10-4823-858a-81864a1318e9', '65bc3fad-94cd-4ac4-8758-670f36f28ec2', NULL, '41', 'Tersedia', 'Standard', 'Kamar 41', 'aji.b.respati@gmail.com', 'aji.b.respati@gmail.com', '2025-04-30 06:40:02.639+07', '2025-04-30 06:40:02.639+07'),
('a70c30a2-db3c-4d73-8a59-9ccfd314d0cd', '65bc3fad-94cd-4ac4-8758-670f36f28ec2', NULL, '42', 'Tersedia', 'Standard', 'Kamar 42', 'aji.b.respati@gmail.com', 'aji.b.respati@gmail.com', '2025-04-30 06:40:14.159+07', '2025-04-30 06:40:14.159+07'),
('cab0c900-8de7-48bb-a380-4c64ecdf6d76', '65bc3fad-94cd-4ac4-8758-670f36f28ec2', NULL, '43', 'Tersedia', 'Standard', 'Kamar 43', 'aji.b.respati@gmail.com', 'aji.b.respati@gmail.com', '2025-04-30 06:40:25.891+07', '2025-04-30 06:40:25.891+07'),
('ca9def50-c484-4a7d-8a8a-56892a0f7a8b', '65bc3fad-94cd-4ac4-8758-670f36f28ec2', NULL, '44', 'Tersedia', 'Standard', 'Kamar44', 'aji.b.respati@gmail.com', 'aji.b.respati@gmail.com', '2025-04-30 06:40:52.66+07', '2025-04-30 06:40:52.66+07'),
('b8673338-1c63-473a-acf9-d8f31cdc6bc9', '65bc3fad-94cd-4ac4-8758-670f36f28ec2', NULL, '45', 'Tersedia', 'Standard', 'Kamar 45', 'aji.b.respati@gmail.com', 'aji.b.respati@gmail.com', '2025-04-30 06:41:09.663+07', '2025-04-30 06:41:09.663+07'),
('77e5c344-0e9a-469e-b42e-9cb00dbe6b3d', 'e3d94fb3-4e85-4d28-a5b2-9674e9662ab2', NULL, '06', 'Tersedia', 'Standard', 'Kamar 06', 'aji.b.respati@gmail.com', 'aji.b.respati@gmail.com', '2025-04-30 06:46:31.835+07', '2025-04-30 06:46:31.835+07'),
('f21c1fc9-96ba-45d9-a017-93c0f64ab934', 'e3d94fb3-4e85-4d28-a5b2-9674e9662ab2', NULL, '07', 'Tersedia', 'Standard', 'Kamar 07', 'aji.b.respati@gmail.com', 'aji.b.respati@gmail.com', '2025-04-30 06:46:45.389+07', '2025-04-30 06:46:45.389+07'),
('223290ac-63d3-4a4d-92db-e3ff0796f8c1', '65bc3fad-94cd-4ac4-8758-670f36f28ec2', '80798f28-ab0e-467d-8337-a283724deac5', '01', 'Terisi', 'Standard', 'Kamar 01', 'aji.b.respati@gmail.com', 's.sarjiman@gmail.com', '2025-04-30 06:29:27.266+07', '2025-06-15 08:47:37.3+07'),
('192ee950-7b81-4404-a3fa-5ac69f907dd0', 'e3d94fb3-4e85-4d28-a5b2-9674e9662ab2', 'bb757cdb-608e-4bab-90d4-45175d32c6bd', '02', 'Terisi', 'Standard', 'Kamar 02', 'aji.b.respati@gmail.com', 's.sarjiman@gmail.com', '2025-04-30 06:45:39.538+07', '2025-06-08 16:00:09.681+07'),
('d1e6373a-c82b-4de1-8beb-e482286cab93', 'e3d94fb3-4e85-4d28-a5b2-9674e9662ab2', '644bf3d4-ab8c-4a8d-9bc9-4ce9cc5ab216', '03', 'Terisi', 'Standard', 'Kamar 03', 'aji.b.respati@gmail.com', 's.sarjiman@gmail.com', '2025-04-30 06:45:52.297+07', '2025-06-08 15:17:53.966+07'),
('88669c8b-606d-4ca7-93b7-bdfe9b4e90fd', '65bc3fad-94cd-4ac4-8758-670f36f28ec2', 'd5a61945-2719-468d-8a15-bc42e3b65c9a', '06', 'Terisi', 'Standard', 'Kamar 06', 'aji.b.respati@gmail.com', 's.sarjiman@gmail.com', '2025-04-30 06:31:59.687+07', '2025-07-18 21:43:39.263+07'),
('08b961f6-61ce-4d72-8bac-dd653dfd3919', '65bc3fad-94cd-4ac4-8758-670f36f28ec2', '5113f1cf-ff10-457c-9846-83e5370360eb', '02', 'Terisi', 'Standard', 'Kamar 02', 'aji.b.respati@gmail.com', 's.sarjiman@gmail.com', '2025-04-30 06:31:01.686+07', '2025-06-15 09:24:39.701+07'),
('945ac36e-f672-4c28-9f79-f8134e0ee433', '65bc3fad-94cd-4ac4-8758-670f36f28ec2', '2c342866-d4ad-4579-a4e0-bb8bcfd62452', '04', 'Terisi', 'Standard', 'Kamar 04', 'aji.b.respati@gmail.com', 's.sarjiman@gmail.com', '2025-04-30 06:31:28.995+07', '2025-06-15 09:26:32.621+07'),
('05bb9e0c-d4a2-493d-b959-9295484f408a', '65bc3fad-94cd-4ac4-8758-670f36f28ec2', 'dd704d8c-2911-401c-a301-ae5c18a1c957', '05', 'Terisi', 'Standard', 'Kamar 05', 'aji.b.respati@gmail.com', 's.sarjiman@gmail.com', '2025-04-30 06:31:46.182+07', '2025-06-15 09:47:47.614+07'),
('74045046-ed8c-4e81-bd5d-7a0b205a3f2a', 'e3d94fb3-4e85-4d28-a5b2-9674e9662ab2', 'e1a02db4-9fa8-490c-a614-adac4306093b', '05', 'Terisi', 'Standard', 'Kamar 05', 'aji.b.respati@gmail.com', 's.sarjiman@gmail.com', '2025-04-30 06:46:19.661+07', '2025-07-16 21:34:13.847+07'),
('a7eef36b-a64d-4250-8a38-11edb279313d', '65bc3fad-94cd-4ac4-8758-670f36f28ec2', '850eddfb-931e-40e5-9b32-db2f7acba034', '07', 'Terisi', 'Standard', 'Kamar 07', 'aji.b.respati@gmail.com', 's.sarjiman@gmail.com', '2025-04-30 06:32:13.655+07', '2025-07-19 10:33:20.206+07'),
('b85b9b32-f5d5-4460-8758-224ed40f42fa', '65bc3fad-94cd-4ac4-8758-670f36f28ec2', 'c9f2eeb5-5941-4a03-9a7d-388cce7c984e', '08', 'Terisi', 'Standard', 'Kamar 08', 'aji.b.respati@gmail.com', 's.sarjiman@gmail.com', '2025-04-30 06:32:24.68+07', '2025-07-19 10:39:16.458+07'),
('34c09476-a05f-488c-91da-83ff2a40dde9', '65bc3fad-94cd-4ac4-8758-670f36f28ec2', '5ba39144-2c57-4cf1-9225-1a01b27af758', '10', 'Terisi', 'Standard', 'Kamar 10', 'aji.b.respati@gmail.com', 's.sarjiman@gmail.com', '2025-04-30 06:33:00.828+07', '2025-07-19 10:41:25.323+07'),
('6d9c2ebd-3ea9-44af-bdc0-a1491527e780', '65bc3fad-94cd-4ac4-8758-670f36f28ec2', 'a01a32ba-545e-457e-bdc0-2d6b2560b0b8', '11', 'Terisi', 'Standard', 'Kamar 11', 'aji.b.respati@gmail.com', 's.sarjiman@gmail.com', '2025-04-30 06:33:22.626+07', '2025-07-19 10:44:39.184+07'),
('f0d40fe0-1c8e-4e4c-b12c-d08aa29ad726', '65bc3fad-94cd-4ac4-8758-670f36f28ec2', '7db2ad45-a71c-4712-96d4-632bd10e2335', '12', 'Terisi', 'Standard', 'Kamar 12', 'aji.b.respati@gmail.com', 's.sarjiman@gmail.com', '2025-04-30 06:33:38.16+07', '2025-07-19 10:46:32.986+07'),
('5ec392e6-e552-4ada-9441-60e4c1464baa', '65bc3fad-94cd-4ac4-8758-670f36f28ec2', '732a40c8-94d9-41c3-9800-cc30ce5478e9', '13', 'Terisi', 'Standard', 'Kamar 13', 'aji.b.respati@gmail.com', 's.sarjiman@gmail.com', '2025-04-30 06:33:49.575+07', '2025-07-19 10:47:48.813+07'),
('a901b2bc-dcdb-4812-9ebf-bb8bb6c98e7a', '65bc3fad-94cd-4ac4-8758-670f36f28ec2', '0e235bb7-2785-4c2e-ab37-7531334a9fd8', '14', 'Terisi', 'Standard', 'Kamar14', 'aji.b.respati@gmail.com', 's.sarjiman@gmail.com', '2025-04-30 06:34:00.493+07', '2025-07-19 10:49:43.819+07'),
('154ed529-e4e9-4c67-9169-9e466d3fc6e5', '65bc3fad-94cd-4ac4-8758-670f36f28ec2', '9a1345d4-d743-431a-a70d-51ef11d919c2', '27', 'Terisi', 'Standard', 'Ksmsr 27', 'aji.b.respati@gmail.com', 's.sarjiman@gmail.com', '2025-04-30 06:37:08.794+07', '2025-07-19 14:42:49.864+07'),
('47122f20-9ed8-4b0d-8897-7ee479cce5da', '65bc3fad-94cd-4ac4-8758-670f36f28ec2', '15ff3468-5266-4566-b6c4-92da58724746', '17', 'Terisi', 'Standard', 'Kamar 17', 'aji.b.respati@gmail.com', 's.sarjiman@gmail.com', '2025-04-30 06:35:03.913+07', '2025-07-19 12:36:40.976+07'),
('a69371f7-4601-453c-a2e3-dd711ec7afc6', '65bc3fad-94cd-4ac4-8758-670f36f28ec2', '8b66b144-a6f3-49d2-ade6-c759e68c8563', '19', 'Terisi', 'Standard', 'Kamar 19', 'aji.b.respati@gmail.com', 's.sarjiman@gmail.com', '2025-04-30 06:35:28.295+07', '2025-07-19 12:42:09.563+07'),
('ae738144-a8d7-4f5b-88f5-226e18d367ad', '65bc3fad-94cd-4ac4-8758-670f36f28ec2', '0720eb41-2f35-4406-bbc0-6122e21b65cb', '20', 'Terisi', 'Standard', 'Kamar 20', 'aji.b.respati@gmail.com', 's.sarjiman@gmail.com', '2025-04-30 06:35:42.592+07', '2025-07-19 12:54:47.907+07'),
('1591908f-49e5-4454-b625-5359db0c98ab', '65bc3fad-94cd-4ac4-8758-670f36f28ec2', '14641b48-b711-4586-a574-7f2bfeb57e62', '21', 'Terisi', 'Standard', 'Kamar 21', 'aji.b.respati@gmail.com', 's.sarjiman@gmail.com', '2025-04-30 06:36:07.311+07', '2025-07-19 12:56:24.531+07'),
('703e8486-24e3-4f0a-8e71-bc692d00749c', '65bc3fad-94cd-4ac4-8758-670f36f28ec2', 'fc03252e-75d6-4c27-8084-1a5ebe97b489', '22', 'Terisi', 'Standard', 'Kamar 22', 'aji.b.respati@gmail.com', 's.sarjiman@gmail.com', '2025-04-30 06:36:16.618+07', '2025-07-19 12:59:25.624+07'),
('9a10bc57-85a8-4894-8aa6-2e9ef170eb72', '65bc3fad-94cd-4ac4-8758-670f36f28ec2', '3695cfc8-e132-45e5-9bd1-154f6215147f', '23', 'Terisi', 'Standard', 'Kamar 23', 'aji.b.respati@gmail.com', 's.sarjiman@gmail.com', '2025-04-30 06:36:25.211+07', '2025-07-19 13:01:27.184+07'),
('45602a65-5ee7-4601-8e74-ed1d76a1761b', '65bc3fad-94cd-4ac4-8758-670f36f28ec2', 'ba70d6d2-d54b-4cae-98c7-22728f1b3049', '24', 'Terisi', 'Standard', 'Kamar 24', 'aji.b.respati@gmail.com', 's.sarjiman@gmail.com', '2025-04-30 06:36:35.369+07', '2025-07-19 13:02:48.424+07'),
('1c9cff2b-0b27-46d5-bc80-880387cd9f96', '65bc3fad-94cd-4ac4-8758-670f36f28ec2', '8661dcc9-55ac-4faa-b888-52dedf1f3ef1', '15', 'Tersedia', 'Standard', 'Kamar 15', 'aji.b.respati@gmail.com', 's.sarjiman@gmail.com', '2025-04-30 06:34:17.046+07', '2025-07-19 13:22:33.173+07'),
('c8ec2dfb-f778-4ea8-96b6-1c8e210e7c8e', '65bc3fad-94cd-4ac4-8758-670f36f28ec2', '1795a1a4-5bab-4f8a-8835-51c456458c4f', '28', 'Terisi', 'Standard', 'Kamar 28', 'aji.b.respati@gmail.com', 's.sarjiman@gmail.com', '2025-04-30 06:37:21.958+07', '2025-07-19 14:44:33.66+07'),
('a37f4995-f7b2-4a22-82bf-84b50861a95b', '65bc3fad-94cd-4ac4-8758-670f36f28ec2', '2a23c01a-ae9b-4452-8572-204746bbe831', '29', 'Terisi', 'Standard', 'Kamar 29', 'aji.b.respati@gmail.com', 's.sarjiman@gmail.com', '2025-04-30 06:37:33.793+07', '2025-07-19 14:46:42.049+07'),
('8fb3e55e-6c4d-49a2-9316-83d9bc72fc86', '65bc3fad-94cd-4ac4-8758-670f36f28ec2', 'f7332867-506c-4f7d-8678-4b7cc3fd22e4', '30', 'Terisi', 'Standard', 'Kamar 30', 'aji.b.respati@gmail.com', 's.sarjiman@gmail.com', '2025-04-30 06:37:44.971+07', '2025-07-19 14:48:56.793+07'),
('ec89f416-97ae-4394-965c-d3d164fd3e59', '65bc3fad-94cd-4ac4-8758-670f36f28ec2', '5379189b-a782-47da-b80f-05ce5f44483e', '31', 'Terisi', 'Standard', 'Kamar 31', 'aji.b.respati@gmail.com', 's.sarjiman@gmail.com', '2025-04-30 06:37:55.429+07', '2025-07-19 14:53:22.131+07'),
('e6edd6a4-742f-4948-ba8f-0a497bd445f9', '65bc3fad-94cd-4ac4-8758-670f36f28ec2', 'ebfa740e-a8af-49b2-9e25-4e687b57e19f', '32', 'Terisi', 'Standard', 'Kamar 32', 'aji.b.respati@gmail.com', 's.sarjiman@gmail.com', '2025-04-30 06:38:09.5+07', '2025-07-19 14:54:51.885+07'),
('1eb47689-3d88-4775-be8d-1db2511bc656', '65bc3fad-94cd-4ac4-8758-670f36f28ec2', '41b9c27a-5d24-4bfc-9db0-b32c9265046b', '33', 'Terisi', 'Standard', 'Kamar 33', 'aji.b.respati@gmail.com', 's.sarjiman@gmail.com', '2025-04-30 06:38:18.781+07', '2025-07-19 14:57:25.472+07'),
('42620146-362a-4159-9000-e6a1a4e295b3', '65bc3fad-94cd-4ac4-8758-670f36f28ec2', '1643db42-cc3f-441a-b1d3-12440d4a005a', '35', 'Terisi', 'Standard', 'Kamar 35', 'aji.b.respati@gmail.com', 's.sarjiman@gmail.com', '2025-04-30 06:38:46.817+07', '2025-07-19 15:02:24.52+07'),
('35ca30fc-ae24-4f58-808f-e9fb93b28d37', '65bc3fad-94cd-4ac4-8758-670f36f28ec2', 'd42761b5-f6db-47e0-bfc0-f2788e712815', '37', 'Terisi', 'Standard', 'Kamar 37', 'aji.b.respati@gmail.com', 's.sarjiman@gmail.com', '2025-04-30 06:39:09.987+07', '2025-07-19 15:04:20.311+07'),
('bee969ea-0dc2-4d69-bf9e-72187c82c69c', '65bc3fad-94cd-4ac4-8758-670f36f28ec2', '8a9f475d-d2f5-4780-8e4a-6c80a40040eb', '38', 'Terisi', 'Standard', 'Kamar 38', 'aji.b.respati@gmail.com', 's.sarjiman@gmail.com', '2025-04-30 06:39:25.221+07', '2025-07-19 15:05:58.914+07'),
('f3823b83-c2d4-4a63-bed0-b1a2aa100916', '65bc3fad-94cd-4ac4-8758-670f36f28ec2', 'd80657ea-8577-429d-9551-994628999ec2', '39', 'Terisi', 'Standard', 'Kamar 39', 'aji.b.respati@gmail.com', 's.sarjiman@gmail.com', '2025-04-30 06:39:37.199+07', '2025-07-19 15:07:21.76+07'),
('904d377b-9b8e-4cab-ba3a-227921e12423', '65bc3fad-94cd-4ac4-8758-670f36f28ec2', '9b6173d5-6253-4792-a790-01db849b991e', '40', 'Terisi', 'Standard', 'Kamar 40', 'aji.b.respati@gmail.com', 's.sarjiman@gmail.com', '2025-04-30 06:39:47.95+07', '2025-07-19 15:08:33.862+07'),
('a003fbcd-17af-4b60-8241-6e92bda762cb', 'e3d94fb3-4e85-4d28-a5b2-9674e9662ab2', NULL, '09', 'Tersedia', 'Standard', 'Kamar 09', 'aji.b.respati@gmail.com', 'aji.b.respati@gmail.com', '2025-04-30 06:47:12.073+07', '2025-04-30 06:47:12.073+07'),
('bdd5ea98-d12a-4abf-b763-6f215c21f289', 'e3d94fb3-4e85-4d28-a5b2-9674e9662ab2', NULL, '14', 'Tersedia', 'Standard', 'Kamar 14', 'aji.b.respati@gmail.com', 'aji.b.respati@gmail.com', '2025-04-30 06:49:22.113+07', '2025-04-30 06:49:22.113+07'),
('a0b499c4-28a3-4c51-b277-80e246f917ff', 'e3d94fb3-4e85-4d28-a5b2-9674e9662ab2', NULL, '13', 'Tersedia', 'Standard', 'Kamar 12', 'aji.b.respati@gmail.com', 'aji.b.respati@gmail.com', '2025-04-30 06:48:05.156+07', '2025-04-30 06:48:05.156+07'),
('07d1ba04-4679-4172-aea0-45a2e4aa49d4', 'e3d94fb3-4e85-4d28-a5b2-9674e9662ab2', NULL, '15', 'Tersedia', 'Standard', 'Kamar 15', 'aji.b.respati@gmail.com', 'aji.b.respati@gmail.com', '2025-04-30 06:49:35.976+07', '2025-05-12 20:48:27.544+07'),
('67936cba-6aa6-47bc-9023-416c3200fa43', 'e3d94fb3-4e85-4d28-a5b2-9674e9662ab2', '5eae087b-4b57-4cae-b288-a12c01581454', '12', 'Terisi', 'Standard', 'Kamar 11', 'aji.b.respati@gmail.com', 's.sarjiman@gmail.com', '2025-04-30 06:47:49.627+07', '2025-07-16 21:37:44.71+07'),
('d8963d58-c6c6-452f-80ce-f3cdebbcc9b0', '65bc3fad-94cd-4ac4-8758-670f36f28ec2', '87f72ba9-950a-43fd-98dc-dd73153d0f36', '18', 'Terisi', 'Standard', 'Kamar 18', 'aji.b.respati@gmail.com', 's.sarjiman@gmail.com', '2025-04-30 06:35:15.912+07', '2025-07-19 12:39:20.081+07'),
('ba1bc2a4-a368-4459-9435-7b1d8514ae14', '65bc3fad-94cd-4ac4-8758-670f36f28ec2', 'a5246172-ed47-4657-a6b2-69df1dbbaf5d', '34', 'Terisi', 'Standard', 'Kamar 34', 'aji.b.respati@gmail.com', 's.sarjiman@gmail.com', '2025-04-30 06:38:31.662+07', '2025-07-19 15:00:43.71+07'),
('6cd5fbbd-84e3-4c86-b419-4040d1f30a2e', 'e3d94fb3-4e85-4d28-a5b2-9674e9662ab2', '437e767f-452d-4bb3-96ae-02bd15424aa4', '01', 'Terisi', 'Standard', 'Kamar 01', 'aji.b.respati@gmail.com', 's.sarjiman@gmail.com', '2025-04-30 06:45:25.511+07', '2025-06-08 15:59:29.926+07'),
('7b91d303-7479-49c3-a37a-16dcd93ef29a', 'e3d94fb3-4e85-4d28-a5b2-9674e9662ab2', '2b8d9903-5dcf-4bf2-9072-60b9100054e4', '10', 'Terisi', 'Standard', 'Kamar 10', 'aji.b.respati@gmail.com', 's.sarjiman@gmail.com', '2025-04-30 06:47:22.239+07', '2025-06-18 22:10:39.998+07'),
('22c7503c-1e31-4cec-ae9f-447ec9a0ba54', 'e3d94fb3-4e85-4d28-a5b2-9674e9662ab2', '977b0400-26a5-4f01-acce-a6aa1ae51980', '04', 'Terisi', 'Standard', 'Kamar 04', 'aji.b.respati@gmail.com', 's.sarjiman@gmail.com', '2025-04-30 06:46:06.156+07', '2025-07-06 11:20:50.261+07'),
('31452479-305b-416e-83e3-141b499f583a', 'e3d94fb3-4e85-4d28-a5b2-9674e9662ab2', '8b84adcf-d02e-48c1-9f4e-d5b27434d7ee', '08', 'Terisi', 'Standard', 'Kamar 08', 'aji.b.respati@gmail.com', 's.sarjiman@gmail.com', '2025-04-30 06:46:56.356+07', '2025-07-10 21:09:55.604+07'),
('1e8b1cee-4bbf-43a0-b6e8-c11038567582', 'e3d94fb3-4e85-4d28-a5b2-9674e9662ab2', '970162b0-781d-45d6-b72e-a4b3a8e0d549', '11', 'Tersedia', 'Standard', 'Kamar 11', 'aji.b.respati@gmail.com', 's.sarjiman@gmail.com', '2025-04-30 06:47:35.469+07', '2025-07-16 21:36:32.909+07');


--
-- Data for Name: AdditionalPrices; Type: TABLE DATA; Schema: public; Owner: wjccfjxl_residenza
--



--
-- Data for Name: Tenants; Type: TABLE DATA; Schema: public; Owner: wjccfjxl_residenza
--

INSERT INTO public."Tenants"
VALUES
('5c557a60-e68c-4bbd-8431-7499af927c90', '5ec392e6-e552-4ada-9441-60e4c1464baa', 'EISTI', '+62822 8379 3436', '822 8379 3436', NULL, false, 'Active', '2025-06-28 00:00:00+07', '2025-06-28 00:00:00+07', '2025-06-11 00:00:00+07', '2025-07-27 00:00:00+07', 's.sarjiman@gmail.com', 'System/Automated Billing', '2025-07-19 10:47:48.82+07', '2025-07-20 01:00:01.353+07', NULL, '2025-05-28 00:00:00+07'),
('5b0de4f3-d708-40de-9ef5-553c6f1b613b', '22c7503c-1e31-4cec-ae9f-447ec9a0ba54', 'Ramjan', '+6287701055665', '5208012108040001', '/uploads/1748769730092-NIK_image.png', true, 'Inactive', '2025-04-15 00:00:00+07', '2025-04-22 00:00:00+07', '2025-04-29 00:00:00+07', '2025-05-14 00:00:00+07', 'aji.b.respati@gmail.com', 'aji.b.respati@gmail.com', '2025-06-01 16:21:20.546+07', '2025-06-01 16:26:42.283+07', '2025-05-13 00:00:00+07', '2025-04-15 00:00:00+07'),
('5e600d87-28fe-4984-ba11-16c0293d00a0', '05bb9e0c-d4a2-493d-b959-9295484f408a', 'Nurul Hardiyanti', '+6281269910004', '3275025703970021', '/uploads/1749955682705-NIK_image.png', true, 'Active', '2025-06-28 00:00:00+07', '2025-06-28 00:00:00+07', '2025-06-11 00:00:00+07', '2025-07-27 00:00:00+07', 's.sarjiman@gmail.com', 'System/Automated Billing', '2025-06-15 09:47:47.619+07', '2025-06-25 01:00:00.359+07', NULL, '2025-05-28 00:00:00+07'),
('b1fe3e21-4e88-4c36-a464-efd39a40ff24', '74045046-ed8c-4e81-bd5d-7a0b205a3f2a', 'Galung & Zidan', '+62 813-9188-3779', '3571020212010008', '/uploads/1748781570644-NIK_image.png', true, 'Inactive', '2025-07-15 00:00:00+07', '2025-07-15 00:00:00+07', '2025-04-29 00:00:00+07', '2025-08-14 00:00:00+07', 'aji.b.respati@gmail.com', 'System/Automated Billing', '2025-06-01 16:32:04.513+07', '2025-07-15 10:10:25.693+07', '2025-07-15 00:00:00+07', '2025-04-15 00:00:00+07'),
('de24bee0-b5a6-47dc-960a-abef4e4ef4bc', '31452479-305b-416e-83e3-141b499f583a', 'Farrel Putra', '+62 81211391159', '1871113011990006', '/uploads/1748781549805-NIK_image.png', true, 'Inactive', '2025-06-18 00:00:00+07', '2025-04-25 00:00:00+07', '2025-05-02 00:00:00+07', '2025-07-17 00:00:00+07', 'aji.b.respati@gmail.com', 'System/Automated Billing', '2025-06-01 19:23:38.506+07', '2025-06-25 06:49:04.998+07', '2025-06-22 00:00:00+07', '2025-04-18 00:00:00+07'),
('123f6234-4fe4-4648-9aa5-82afe3ec39be', '223290ac-63d3-4a4d-92db-e3ff0796f8c1', 'Sagar', '+6283871889670', '3209012103980008', '/uploads/1749953024311-NIK_image.png', true, 'Active', '2025-06-30 00:00:00+07', '2025-06-30 00:00:00+07', '2025-06-13 00:00:00+07', '2025-07-31 23:59:59.999+07', 's.sarjiman@gmail.com', 'System/Automated Billing', '2025-06-15 08:47:37.312+07', '2025-06-27 01:00:00.261+07', NULL, '2025-05-30 00:00:00+07'),
('d0221060-c8f1-4ba6-baac-30296cdc1aa1', '74045046-ed8c-4e81-bd5d-7a0b205a3f2a', 'Puji P', '+62 852-9142-6240', '3315026909870002', '/uploads/1752676495989-NIK_image.png', true, 'Active', '2025-07-16 00:00:00+07', '2025-07-16 00:00:00+07', '2025-07-30 00:00:00+07', '2025-08-15 00:00:00+07', 's.sarjiman@gmail.com', 's.sarjiman@gmail.com', '2025-07-16 21:34:13.856+07', '2025-07-16 21:35:11.409+07', NULL, '2025-07-16 00:00:00+07'),
('5cdf716c-6f86-4abe-b2b3-a934b9c72b02', '1e8b1cee-4bbf-43a0-b6e8-c11038567582', 'Widi', '+62 82240205534', '123456', NULL, false, 'Inactive', '2025-07-08 00:00:00+07', '2025-07-08 00:00:00+07', '2025-06-22 00:00:00+07', '2025-08-07 00:00:00+07', 's.sarjiman@gmail.com', 'System/Automated Billing', '2025-06-08 15:19:47.506+07', '2025-07-16 21:36:32.901+07', '2025-07-15 00:00:00+07', '2025-06-08 00:00:00+07'),
('7b88fed1-d0c1-4668-b667-f9c09bfdaeb0', 'd1e6373a-c82b-4de1-8beb-e482286cab93', 'Aurel ME', '+628578490830', '2171075105069004', '/uploads/1749371024282-NIK_image.png', true, 'Active', '2025-06-30 00:00:00+07', '2025-06-30 00:00:00+07', '2025-06-13 00:00:00+07', '2025-07-31 23:59:59.999+07', 's.sarjiman@gmail.com', 'System/Automated Billing', '2025-06-08 15:17:53.989+07', '2025-06-27 01:00:00.3+07', NULL, '2025-05-30 00:00:00+07'),
('1a21a801-35a2-4bd0-b934-17c64ec7745c', '6cd5fbbd-84e3-4c86-b419-4040d1f30a2e', 'Galih Aji Nur', '+628816416859', '3302242303980002', '/uploads/1749372713049-NIK_image.png', true, 'Active', '2025-07-01 00:00:00+07', '2025-07-01 00:00:00+07', '2025-05-15 00:00:00+07', '2025-07-31 00:00:00+07', 'aji.b.respati@gmail.com', 'System/Automated Billing', '2025-06-01 16:36:00.994+07', '2025-06-28 01:00:00.435+07', NULL, '2025-05-01 00:00:00+07'),
('67743d78-465d-4e3e-b40e-ece7c820d69e', '945ac36e-f672-4c28-9f79-f8134e0ee433', 'Ridwan', '+6281234511702', '6101040504940008', '/uploads/1749954524184-NIK_image.png', true, 'Active', '2025-07-02 00:00:00+07', '2025-07-02 00:00:00+07', '2025-05-16 00:00:00+07', '2025-08-01 00:00:00+07', 's.sarjiman@gmail.com', 'System/Automated Billing', '2025-06-15 09:26:32.625+07', '2025-06-29 01:00:02.215+07', NULL, '2025-05-02 00:00:00+07'),
('ceeeb638-aee9-45d3-ae6a-d7518971e963', '67936cba-6aa6-47bc-9023-416c3200fa43', 'Widi', '+62 822-4020-5534', '1138900999999', NULL, false, 'Active', '2025-07-15 00:00:00+07', '2025-07-15 00:00:00+07', '2025-07-29 00:00:00+07', '2025-08-14 00:00:00+07', 's.sarjiman@gmail.com', 's.sarjiman@gmail.com', '2025-07-16 21:37:44.718+07', '2025-07-16 21:37:44.718+07', NULL, '2025-07-15 00:00:00+07'),
('0915118f-6d5c-4518-a667-15f7b83ac783', '31452479-305b-416e-83e3-141b499f583a', 'Nikita', '+62 859-2410-3842', '1271124805940001', '/uploads/1751330868813-NIK_image.png', true, 'Inactive', '2025-07-01 00:00:00+07', '2025-07-01 00:00:00+07', '2025-07-15 00:00:00+07', '2025-07-31 00:00:00+07', 's.sarjiman@gmail.com', 's.sarjiman@gmail.com', '2025-07-01 07:44:34.106+07', '2025-07-04 09:01:24.382+07', '2025-07-03 00:00:00+07', '2025-07-01 00:00:00+07'),
('bf02faa4-d102-47df-9ac0-789b81a566e5', '22c7503c-1e31-4cec-ae9f-447ec9a0ba54', 'Hanifa', '+62 858-6515-1651', '3309064506049002', '/uploads/1751775697119-NIK_image.png', true, 'Active', '2025-07-05 00:00:00+07', '2025-07-05 00:00:00+07', '2025-07-19 00:00:00+07', '2025-08-04 00:00:00+07', 's.sarjiman@gmail.com', 's.sarjiman@gmail.com', '2025-07-06 11:20:50.268+07', '2025-07-06 11:21:52.848+07', NULL, '2025-07-05 00:00:00+07'),
('bdaa949c-757d-4ca7-9003-71cdcceb3c81', '31452479-305b-416e-83e3-141b499f583a', 'Erwin Setiawan', '+62 823-3866-6606', '1803022811940002', '/uploads/1752156638203-NIK_image.png', true, 'Active', '2025-07-10 00:00:00+07', '2025-07-10 00:00:00+07', '2025-07-24 00:00:00+07', '2025-08-09 00:00:00+07', 's.sarjiman@gmail.com', 's.sarjiman@gmail.com', '2025-07-10 21:09:55.61+07', '2025-07-10 21:10:47.109+07', NULL, '2025-07-10 00:00:00+07'),
('80973552-3844-4652-aee9-a4ab4c6a09ce', '08b961f6-61ce-4d72-8bac-dd653dfd3919', 'Lia Ariyani', '+6285825000071', '32501867004930001', '/uploads/1749954455195-NIK_image.png', true, 'Active', '2025-07-14 00:00:00+07', '2025-07-14 00:00:00+07', '2025-06-28 00:00:00+07', '2025-08-13 00:00:00+07', 's.sarjiman@gmail.com', 'System/Automated Billing', '2025-06-15 09:24:39.716+07', '2025-07-11 01:00:00.251+07', NULL, '2025-06-14 00:00:00+07'),
('b7358fa8-2367-4995-a339-76246dfe2db9', '7b91d303-7479-49c3-a37a-16dcd93ef29a', 'Nareswari', '+6289622245931', '3314035009060003', '/uploads/1748770724980-NIK_image.png', true, 'Active', '2025-07-14 00:00:00+07', '2025-07-14 00:00:00+07', '2025-05-28 00:00:00+07', '2025-08-13 00:00:00+07', 'aji.b.respati@gmail.com', 'System/Automated Billing', '2025-06-01 16:38:32.337+07', '2025-07-11 01:00:00.337+07', NULL, '2025-05-14 00:00:00+07'),
('3e7eed15-97d4-4ebd-a415-69aa6a9df093', '88669c8b-606d-4ca7-93b7-bdfe9b4e90fd', 'NGAKAN NYOMAN GANAPATYA', '+62896 3698 3058', '3603261602960003', '/uploads/1752896061382-NIK_image.png', true, 'Active', '2025-07-02 00:00:00+07', '2025-07-02 00:00:00+07', '2025-05-16 00:00:00+07', '2025-08-01 00:00:00+07', 's.sarjiman@gmail.com', 's.sarjiman@gmail.com', '2025-07-18 21:43:39.269+07', '2025-07-19 10:34:36.716+07', NULL, '2025-05-02 00:00:00+07'),
('d4d1355e-d488-40b3-be9c-f2afefd4c682', 'b85b9b32-f5d5-4460-8758-224ed40f42fa', 'AMELIA DYAN RAHMASARI', '+62895 4141 8651', '3602041808030003', '/uploads/1752897086814-NIK_image.png', true, 'Active', '2025-07-01 00:00:00+07', '2025-07-01 00:00:00+07', '2025-05-15 00:00:00+07', '2025-07-31 00:00:00+07', 's.sarjiman@gmail.com', 'System/Automated Billing', '2025-07-19 10:39:16.471+07', '2025-07-20 01:00:01.557+07', NULL, '2025-05-01 00:00:00+07'),
('bc04a10d-3a6c-41a1-8b9f-21fdf64907f2', '34c09476-a05f-488c-91da-83ff2a40dde9', 'ARI-HERDIONO PURBA ARI IBRAHIM', '+62813 8500 8657', '3601220901990001', '/uploads/1752897105995-NIK_image.png', true, 'Active', '2025-07-04 00:00:00+07', '2025-07-04 00:00:00+07', '2025-05-18 00:00:00+07', '2025-08-03 00:00:00+07', 's.sarjiman@gmail.com', 'System/Automated Billing', '2025-07-19 10:41:25.331+07', '2025-07-20 01:00:00.581+07', NULL, '2025-05-04 00:00:00+07'),
('ef647122-36ed-43a4-81bb-6028d856882f', '6d9c2ebd-3ea9-44af-bdc0-a1491527e780', 'RONA - RONA MELANI SITALAENAN', '+62812 8890 9221', '3201053010130001', '/uploads/1752897128484-NIK_image.png', true, 'Active', '2025-07-07 00:00:00+07', '2025-07-07 00:00:00+07', '2025-05-21 00:00:00+07', '2025-08-06 00:00:00+07', 's.sarjiman@gmail.com', 'System/Automated Billing', '2025-07-19 10:44:39.19+07', '2025-07-20 01:00:00.8+07', NULL, '2025-05-07 00:00:00+07'),
('6cc08a55-32c8-4e4d-a154-bf8ef582bb16', 'f0d40fe0-1c8e-4e4c-b12c-d08aa29ad726', 'YUNI - SRI WAHYUNI', '0882 9542 5697', '1801054311930003', '/uploads/1752897149143-NIK_image.png', true, 'Active', '2025-06-28 00:00:00+07', '2025-06-28 00:00:00+07', '2025-07-12 00:00:00+07', '2025-07-27 00:00:00+07', 's.sarjiman@gmail.com', 's.sarjiman@gmail.com', '2025-07-19 10:46:32.99+07', '2025-07-19 10:52:29.244+07', NULL, '2025-06-28 00:00:00+07'),
('4c6d7d49-d5f9-46fb-9d66-ee32644f9ecd', 'a901b2bc-dcdb-4812-9ebf-bb8bb6c98e7a', 'FAUZAN-MUHAMAD TEGAR FAUZI', '+62898 7324 0411', '3212041212940006', '/uploads/1752897172882-NIK_image.png', true, 'Active', '2025-07-08 00:00:00+07', '2025-07-08 00:00:00+07', '2025-05-22 00:00:00+07', '2025-08-07 00:00:00+07', 's.sarjiman@gmail.com', 'System/Automated Billing', '2025-07-19 10:49:43.822+07', '2025-07-20 01:00:00.704+07', NULL, '2025-05-08 00:00:00+07'),
('1ab864ee-e2d3-429f-bdaa-a0accea7cd23', 'd8963d58-c6c6-452f-80ce-f3cdebbcc9b0', 'RUSDI - MUHAMMAD RUSDI SALEH', '+62895 1418 8822', '3175030404990001', '/uploads/1752912556169-NIK_image.png', true, 'Active', '2025-07-15 00:00:00+07', '2025-07-15 00:00:00+07', '2025-05-29 00:00:00+07', '2025-08-14 00:00:00+07', 's.sarjiman@gmail.com', 'System/Automated Billing', '2025-07-19 12:39:20.086+07', '2025-07-20 01:00:00.253+07', NULL, '2025-05-15 00:00:00+07'),
('52c07a7e-eeeb-48b0-b1d8-cdcb9a8f2ded', '192ee950-7b81-4404-a3fa-5ac69f907dd0', 'Indah Sofiati', '+6283136782130', '1703196802050001', '/uploads/1748770184078-NIK_image.png', true, 'Active', '2025-07-23 00:00:00+07', '2025-07-23 00:00:00+07', '2025-05-07 00:00:00+07', '2025-08-22 00:00:00+07', 'aji.b.respati@gmail.com', 'System/Automated Billing', '2025-06-01 16:29:06.846+07', '2025-07-20 01:00:01.141+07', NULL, '2025-04-23 00:00:00+07'),
('c79ab7fa-0eb3-4b0a-b0ca-11e5f8924448', 'ae738144-a8d7-4f5b-88f5-226e18d367ad', 'NIKO - NICOMANUEL OKTAVIANUS', '+62895 2709 4815', '12710503100221001', '/uploads/1752912588637-NIK_image.png', true, 'Active', '2025-07-02 00:00:00+07', '2025-07-02 00:00:00+07', '2025-05-16 00:00:00+07', '2025-08-01 00:00:00+07', 's.sarjiman@gmail.com', 'System/Automated Billing', '2025-07-19 12:54:47.913+07', '2025-07-20 01:00:00.885+07', NULL, '2025-05-02 00:00:00+07'),
('044b33a3-5c56-48e6-9e16-92b148aa7d87', '1591908f-49e5-4454-b625-5359db0c98ab', 'ALDI-ALDI INDRA SYAHPUTRA', '+62815 1194 3895', '3101013110030001', '/uploads/1752912606686-NIK_image.png', true, 'Active', '2025-07-12 00:00:00+07', '2025-07-12 00:00:00+07', '2025-05-26 00:00:00+07', '2025-08-11 00:00:00+07', 's.sarjiman@gmail.com', 'System/Automated Billing', '2025-07-19 12:56:24.534+07', '2025-07-20 01:00:00.304+07', NULL, '2025-05-12 00:00:00+07'),
('33f6863e-d831-4e23-b24c-9c2dd288b3bb', 'a69371f7-4601-453c-a2e3-dd711ec7afc6', 'RIDEL - RIEDEL CH POLUAN', '+62821 1466 2375', '3174047009880006', '/uploads/1752912572553-NIK_image.png', true, 'Active', '2025-06-29 00:00:00+07', '2025-06-29 00:00:00+07', '2025-06-12 00:00:00+07', '2025-07-28 00:00:00+07', 's.sarjiman@gmail.com', 'System/Automated Billing', '2025-07-19 12:42:09.567+07', '2025-07-20 01:00:00.357+07', NULL, '2025-05-29 00:00:00+07'),
('406f26c2-f720-4758-a402-546b35d466ea', 'a7eef36b-a64d-4250-8a38-11edb279313d', 'Dita', '+62822 1555 9275', '1456546', NULL, false, 'Active', '2025-07-02 00:00:00+07', '2025-07-02 00:00:00+07', '2025-05-16 00:00:00+07', '2025-08-01 00:00:00+07', 's.sarjiman@gmail.com', 'System/Automated Billing', '2025-07-19 10:33:20.215+07', '2025-07-20 01:00:01.052+07', NULL, '2025-05-02 00:00:00+07'),
('42ea2e36-d16e-4ca8-8a06-e277fef79f03', '1c9cff2b-0b27-46d5-bc80-880387cd9f96', 'DINDA', '+62856 7625 430', '856 7625 430', NULL, false, 'Inactive', '2025-05-24 00:00:00+07', '2025-05-24 00:00:00+07', '2025-06-07 00:00:00+07', '2025-06-23 00:00:00+07', 's.sarjiman@gmail.com', 's.sarjiman@gmail.com', '2025-07-19 10:50:55.308+07', '2025-07-19 13:22:33.144+07', '2025-07-19 00:00:00+07', '2025-05-24 00:00:00+07'),
('42f0c8a3-ee92-4719-9aa1-417770be8cfd', '42620146-362a-4159-9000-e6a1a4e295b3', 'YUDHO WICAKSONO, A.Md.', '+62812 3937 9911', '3313113012970002', '/uploads/1752912811566-NIK_image.png', true, 'Active', '2025-06-27 00:00:00+07', '2025-06-27 00:00:00+07', '2025-06-10 00:00:00+07', '2025-07-26 00:00:00+07', 's.sarjiman@gmail.com', 'System/Automated Billing', '2025-07-19 15:02:24.523+07', '2025-07-20 01:00:01.177+07', NULL, '2025-05-27 00:00:00+07'),
('0f1f6d77-582d-4508-b560-00a6dfe7bdb5', '47122f20-9ed8-4b0d-8897-7ee479cce5da', 'ANGGA- ANGGA PRASETYA BUDI', '+62857 2564 7550', '3314100312950002', '/uploads/1752912541066-NIK_image.png', true, 'Active', '2025-07-05 00:00:00+07', '2025-07-05 00:00:00+07', '2025-04-19 00:00:00+07', '2025-08-04 00:00:00+07', 's.sarjiman@gmail.com', 'System/Automated Billing', '2025-07-19 12:36:40.987+07', '2025-07-20 01:00:01.269+07', NULL, '2025-04-05 00:00:00+07'),
('bf9ed393-c459-4b9a-a26e-528542b9499f', '904d377b-9b8e-4cab-ba3a-227921e12423', 'RIDA', '+62857 8862 6255', '857 8862 6255', NULL, false, 'Active', '2025-07-14 00:00:00+07', '2025-07-14 00:00:00+07', '2025-05-28 00:00:00+07', '2025-08-13 00:00:00+07', 's.sarjiman@gmail.com', 'System/Automated Billing', '2025-07-19 15:08:33.865+07', '2025-07-20 01:00:00.647+07', NULL, '2025-05-14 00:00:00+07'),
('6e8cdb5b-6ca8-4706-a6af-b58fc10b6f9a', 'c8ec2dfb-f778-4ea8-96b6-1c8e210e7c8e', 'YULIANTO', '+62821 8387 7832', '1605201307950001', '/uploads/1752912697524-NIK_image.png', true, 'Active', '2025-06-30 00:00:00+07', '2025-06-30 00:00:00+07', '2025-06-13 00:00:00+07', '2025-07-31 23:59:59.999+07', 's.sarjiman@gmail.com', 'System/Automated Billing', '2025-07-19 14:44:33.668+07', '2025-07-20 01:00:01.289+07', NULL, '2025-05-30 00:00:00+07'),
('86e35284-4a73-4c14-80fe-6f7af6ac1bf8', '8fb3e55e-6c4d-49a2-9316-83d9bc72fc86', 'LUKAS-LUKAS TANAEM', '+62823 3506 5459', '5302072312930002', '/uploads/1752912728320-NIK_image.png', true, 'Active', '2025-07-01 00:00:00+07', '2025-07-01 00:00:00+07', '2025-05-15 00:00:00+07', '2025-07-31 00:00:00+07', 's.sarjiman@gmail.com', 'System/Automated Billing', '2025-07-19 14:48:56.797+07', '2025-07-20 01:00:00.743+07', NULL, '2025-05-01 00:00:00+07'),
('06aa9d1b-bb59-4eba-a2ff-1f674bda2fb9', 'ba1bc2a4-a368-4459-9435-7b1d8514ae14', 'DARWIN - DARWIN EFENDI', '+62823 8749 5672', '1409121311950001', '/uploads/1752912793512-NIK_image.png', true, 'Active', '2025-06-29 00:00:00+07', '2025-06-29 00:00:00+07', '2025-06-12 00:00:00+07', '2025-07-28 00:00:00+07', 's.sarjiman@gmail.com', 'System/Automated Billing', '2025-07-19 15:00:43.716+07', '2025-07-20 01:00:00.189+07', NULL, '2025-05-29 00:00:00+07'),
('b2d08085-3a76-4c36-b176-fd9735131039', '703e8486-24e3-4f0a-8e71-bc692d00749c', 'MADE-MADE SATRIAWAN MAHENDRA', '+62812 9001 4868', '5271021407610006', '/uploads/1752912624582-NIK_image.png', true, 'Active', '2025-06-29 00:00:00+07', '2025-06-29 00:00:00+07', '2025-05-13 00:00:00+07', '2025-07-28 00:00:00+07', 's.sarjiman@gmail.com', 'System/Automated Billing', '2025-07-19 12:59:25.629+07', '2025-07-20 01:00:01.33+07', NULL, '2025-04-29 00:00:00+07'),
('1e1416ac-f7f7-407f-9c1d-6c729ec24308', 'bee969ea-0dc2-4d69-bf9e-72187c82c69c', 'WANA - PERAWANA', '+62821 6593 8629', '1271085902930004', '/uploads/1752912851450-NIK_image.png', true, 'Active', '2025-07-03 00:00:00+07', '2025-07-03 00:00:00+07', '2025-05-17 00:00:00+07', '2025-08-02 00:00:00+07', 's.sarjiman@gmail.com', 'System/Automated Billing', '2025-07-19 15:05:58.917+07', '2025-07-20 01:00:00.418+07', NULL, '2025-05-03 00:00:00+07'),
('89439dda-ed9f-42d4-b601-74fe6bb19bc8', '45602a65-5ee7-4601-8e74-ed1d76a1761b', 'RAFA', '+62878 7944 8756', '878 7944 8756', NULL, false, 'Active', '2025-06-25 00:00:00+07', '2025-06-25 00:00:00+07', '2025-06-08 00:00:00+07', '2025-07-24 00:00:00+07', 's.sarjiman@gmail.com', 'System/Automated Billing', '2025-07-19 13:02:48.428+07', '2025-07-20 01:00:00.448+07', NULL, '2025-05-25 00:00:00+07'),
('b03f8bc6-2411-4a0b-a5fa-213eec8ecca5', 'a37f4995-f7b2-4a22-82bf-84b50861a95b', 'POBI - POBI CITA WIYATA', '+62889 9044 6440', '3329051504970005', '/uploads/1752912711216-NIK_image.png', true, 'Active', '2025-07-15 00:00:00+07', '2025-07-15 00:00:00+07', '2025-05-29 00:00:00+07', '2025-08-14 00:00:00+07', 's.sarjiman@gmail.com', 'System/Automated Billing', '2025-07-19 14:46:42.051+07', '2025-07-20 01:00:00.837+07', NULL, '2025-05-15 00:00:00+07'),
('0d8cdd76-77d3-495c-a225-2b13502df35e', 'ec89f416-97ae-4394-965c-d3d164fd3e59', 'JATI - DWI ANTORO', '+62813 9114 1370', '3306032604010002', '/uploads/1752912745827-NIK_image.png', true, 'Active', '2025-07-05 00:00:00+07', '2025-07-05 00:00:00+07', '2025-05-19 00:00:00+07', '2025-08-04 00:00:00+07', 's.sarjiman@gmail.com', 'System/Automated Billing', '2025-07-19 14:53:22.134+07', '2025-07-20 01:00:00.535+07', NULL, '2025-05-05 00:00:00+07'),
('39764a39-681d-488a-996a-b2bb7a91997a', '35ca30fc-ae24-4f58-808f-e9fb93b28d37', 'PANJI SURYO', '+62878 8699 0099', '3171032605770007', '/uploads/1752912825325-NIK_image.png', true, 'Active', '2025-06-26 00:00:00+07', '2025-06-26 00:00:00+07', '2025-06-09 00:00:00+07', '2025-07-25 00:00:00+07', 's.sarjiman@gmail.com', 'System/Automated Billing', '2025-07-19 15:04:20.32+07', '2025-07-20 01:00:00.937+07', NULL, '2025-05-26 00:00:00+07'),
('4b6b7185-a6e1-4aa2-a118-de5367cecf86', '1eb47689-3d88-4775-be8d-1db2511bc656', 'SOLEHIN-GINANJAR SOLEHIN, A.Md.Kep', '+62878 4934 8931', '3604110905880003', '/uploads/1752912777918-NIK_image.png', true, 'Active', '2025-07-15 00:00:00+07', '2025-07-15 00:00:00+07', '2025-05-29 00:00:00+07', '2025-08-14 00:00:00+07', 's.sarjiman@gmail.com', 'System/Automated Billing', '2025-07-19 14:57:25.479+07', '2025-07-20 01:00:01.457+07', NULL, '2025-05-15 00:00:00+07'),
('d64d35c0-225e-47cc-a931-f58501d9b7af', '154ed529-e4e9-4c67-9169-9e466d3fc6e5', 'DELIUS', '+62821 1164 4250', '6108132712910001', '/uploads/1752912680629-NIK_image.png', true, 'Active', '2025-06-29 00:00:00+07', '2025-06-29 00:00:00+07', '2025-05-13 00:00:00+07', '2025-07-28 00:00:00+07', 's.sarjiman@gmail.com', 'System/Automated Billing', '2025-07-19 14:42:49.869+07', '2025-07-20 01:00:00.984+07', NULL, '2025-04-29 00:00:00+07'),
('62d57e18-d876-44fe-88aa-f1428b25c1f8', '9a10bc57-85a8-4894-8aa6-2e9ef170eb72', 'TIAH - YULISTIA', '+62812 1000 0644', '3171064701980004', '/uploads/1752912641508-NIK_image.png', true, 'Active', '2025-06-25 00:00:00+07', '2025-06-25 00:00:00+07', '2025-06-08 00:00:00+07', '2025-07-24 00:00:00+07', 's.sarjiman@gmail.com', 'System/Automated Billing', '2025-07-19 13:01:27.194+07', '2025-07-20 01:00:01.069+07', NULL, '2025-05-25 00:00:00+07'),
('6d5404b9-bb95-4d17-b1ab-1ec3e66a74eb', 'e6edd6a4-742f-4948-ba8f-0a497bd445f9', 'RIO', '+62858 0153 3585', '858 0153 3585', NULL, false, 'Active', '2025-06-28 00:00:00+07', '2025-06-28 00:00:00+07', '2025-06-11 00:00:00+07', '2025-07-27 00:00:00+07', 's.sarjiman@gmail.com', 'System/Automated Billing', '2025-07-19 14:54:51.889+07', '2025-07-20 01:00:01.089+07', NULL, '2025-05-28 00:00:00+07'),
('d8b6d86a-6b4c-45ae-857b-76a7c1d2497e', 'f3823b83-c2d4-4a63-bed0-b1a2aa100916', 'VINA', '+62896 7086 8737', '896 7086 8737', NULL, false, 'Active', '2025-06-29 00:00:00+07', '2025-06-29 00:00:00+07', '2025-06-12 00:00:00+07', '2025-07-28 00:00:00+07', 's.sarjiman@gmail.com', 'System/Automated Billing', '2025-07-19 15:07:21.765+07', '2025-07-20 01:00:01.158+07', NULL, '2025-05-29 00:00:00+07');


--
-- Data for Name: Invoices; Type: TABLE DATA; Schema: public; Owner: wjccfjxl_residenza
--

INSERT INTO public."Invoices" VALUES ('c0baf289-8a99-4de3-8320-bce83b9d3673', '67743d78-465d-4e3e-b40e-ece7c820d69e', '945ac36e-f672-4c28-9f79-f8134e0ee433', '2025-06-02 00:00:00+07', '2025-07-01 00:00:00+07', '2025-05-26 00:00:00+07', '2025-06-02 00:00:00+07', 950000, 0, 'Issued', 'Tagihan untuk kamar 04
Periode: 2025-06-02 to 2025-07-01', 'Automated Billing Task', 'Automated Billing Task', '2025-06-16 01:00:00.244+07', '2025-06-16 01:00:00.276+07', NULL),
('961d4390-efa9-4479-8260-484447b72df9', '1a21a801-35a2-4bd0-b934-17c64ec7745c', '6cd5fbbd-84e3-4c86-b419-4040d1f30a2e', '2025-05-01 00:00:00+07', '2025-05-31 00:00:00+07', '2025-05-01 00:00:00+07', '2025-05-08 00:00:00+07', 1000000, 1000000, 'Paid', 'Initial invoice for room 01 period: 2025-05-01 to 2025-05-31', 'aji.b.respati@gmail.com', 'aji.b.respati@gmail.com', '2025-06-01 16:36:01.019+07', '2025-06-01 16:36:38.289+07', NULL),
('e337351f-d200-4dfc-a0cd-af2c9fe80809', 'b7358fa8-2367-4995-a339-76246dfe2db9', '7b91d303-7479-49c3-a37a-16dcd93ef29a', '2025-05-14 00:00:00+07', '2025-06-13 00:00:00+07', '2025-05-14 00:00:00+07', '2025-05-21 00:00:00+07', 1200000, 1200000, 'Paid', 'Initial invoice for room 10 period: 2025-05-14 to 2025-06-13', 'aji.b.respati@gmail.com', 'aji.b.respati@gmail.com', '2025-06-01 16:38:32.348+07', '2025-06-01 16:39:04.596+07', NULL),
('8c8b1a6a-89ce-485d-a551-03421394356e', 'b1fe3e21-4e88-4c36-a464-efd39a40ff24', '74045046-ed8c-4e81-bd5d-7a0b205a3f2a', '2025-05-15 00:00:00+07', '2025-06-14 00:00:00+07', '2025-05-08 00:00:00+07', '2025-05-22 00:00:00+07', 1000000, 1000000, 'Paid', 'Tagihan untuk kamar 05
Periode: 2025-05-15 to 2025-06-14', 'Automated Billing Task', 'aji.b.respati@gmail.com', '2025-06-02 04:46:00.253+07', '2025-06-02 05:06:02.401+07', NULL),
('49a971cd-0773-41be-b02d-99db3205d81d', 'de24bee0-b5a6-47dc-960a-abef4e4ef4bc', '31452479-305b-416e-83e3-141b499f583a', '2025-05-18 00:00:00+07', '2025-06-17 00:00:00+07', '2025-05-11 00:00:00+07', '2025-05-25 00:00:00+07', 1000000, 1000000, 'Paid', 'Tagihan untuk kamar 08
Periode: 2025-05-18 to 2025-06-17', 'Automated Billing Task', 'aji.b.respati@gmail.com', '2025-06-02 04:46:00.296+07', '2025-06-02 05:06:51.568+07', NULL),
('8bc41a64-cd8d-49d9-a46b-7661b2d4d3e5', 'de24bee0-b5a6-47dc-960a-abef4e4ef4bc', '31452479-305b-416e-83e3-141b499f583a', '2025-04-18 00:00:00+07', '2025-05-17 00:00:00+07', '2025-04-18 00:00:00+07', '2025-04-25 00:00:00+07', 1000000, 1000000, 'Paid', 'Initial invoice for room 08 period: 2025-04-18 to 2025-05-17', 'aji.b.respati@gmail.com', 'aji.b.respati@gmail.com', '2025-06-01 19:23:38.515+07', '2025-06-01 19:24:08.675+07', NULL),
('7a7a75f0-656f-4479-850e-b27b58575dbb', '1a21a801-35a2-4bd0-b934-17c64ec7745c', '6cd5fbbd-84e3-4c86-b419-4040d1f30a2e', '2025-07-01 00:00:00+07', '2025-07-31 00:00:00+07', '2025-06-24 00:00:00+07', '2025-07-01 00:00:00+07', 1000000, 1000000, 'Paid', 'Tagihan untuk kamar 01
Periode: 2025-07-01 to 2025-07-31', 'Automated Billing Task', 's.sarjiman@gmail.com', '2025-06-28 01:00:00.39+07', '2025-07-04 09:00:44.303+07', NULL),
('f3cf73d1-2d3d-4f60-b031-8f6937aee0f3', '5b0de4f3-d708-40de-9ef5-553c6f1b613b', '22c7503c-1e31-4cec-ae9f-447ec9a0ba54', '2025-04-15 00:00:00+07', '2025-05-14 00:00:00+07', '2025-04-15 00:00:00+07', '2025-04-22 00:00:00+07', 1000000, 1000000, 'Paid', 'Initial invoice for room 04 period: 2025-04-15 to 2025-05-14', 'aji.b.respati@gmail.com', 'aji.b.respati@gmail.com', '2025-06-01 16:21:20.56+07', '2025-06-01 16:24:03.219+07', NULL),
('76147c9f-68de-4c9e-b9c1-994608d11bd4', '5b0de4f3-d708-40de-9ef5-553c6f1b613b', '22c7503c-1e31-4cec-ae9f-447ec9a0ba54', '2025-05-12 00:00:00+07', '2025-05-12 00:00:00+07', '2025-05-12 00:00:00+07', '2025-05-15 00:00:00+07', 1000000, 1000000, 'Paid', 'Invoice for Perbaikan closet (Room 04)', NULL, 'aji.b.respati@gmail.com', '2025-06-01 16:26:00.932+07', '2025-06-01 16:26:19.552+07', NULL),
('5c59f5fd-b9f0-4f79-940a-a39fa44a0121', '52c07a7e-eeeb-48b0-b1d8-cdcb9a8f2ded', '192ee950-7b81-4404-a3fa-5ac69f907dd0', '2025-04-23 00:00:00+07', '2025-05-22 00:00:00+07', '2025-04-23 00:00:00+07', '2025-04-30 00:00:00+07', 1000000, 1000000, 'Paid', 'Initial invoice for room 02 period: 2025-04-23 to 2025-05-22', 'aji.b.respati@gmail.com', 'aji.b.respati@gmail.com', '2025-06-01 16:29:06.871+07', '2025-06-01 16:30:02.665+07', NULL),
('a49de478-ec3c-4ada-89ce-24cd0a957ed3', 'b1fe3e21-4e88-4c36-a464-efd39a40ff24', '74045046-ed8c-4e81-bd5d-7a0b205a3f2a', '2025-04-15 00:00:00+07', '2025-05-14 00:00:00+07', '2025-04-15 00:00:00+07', '2025-04-22 00:00:00+07', 1000000, 1000000, 'Paid', 'Initial invoice for room 05 period: 2025-04-15 to 2025-05-14', 'aji.b.respati@gmail.com', 'aji.b.respati@gmail.com', '2025-06-01 16:32:04.526+07', '2025-06-01 16:32:29.997+07', NULL),
('d2dc91f2-eee6-4237-980a-8c934330f5fd', '5e600d87-28fe-4984-ba11-16c0293d00a0', '05bb9e0c-d4a2-493d-b959-9295484f408a', '2025-06-28 00:00:00+07', '2025-07-27 00:00:00+07', '2025-06-21 00:00:00+07', '2025-06-28 00:00:00+07', 1050000, 0, 'Issued', 'Tagihan untuk kamar 05
Periode: 2025-06-28 to 2025-07-27', 'Automated Billing Task', 'Automated Billing Task', '2025-06-25 01:00:00.316+07', '2025-06-25 01:00:00.354+07', NULL),
('9f061020-c226-451d-ba77-8f23fa2109ba', '7b88fed1-d0c1-4668-b667-f9c09bfdaeb0', 'd1e6373a-c82b-4de1-8beb-e482286cab93', '2025-05-30 00:00:00+07', '2025-06-29 00:00:00+07', '2025-05-30 00:00:00+07', '2025-06-06 00:00:00+07', 1000000, 1000000, 'Paid', 'Initial invoice for room 03 period: 2025-05-30 to 2025-06-29', 's.sarjiman@gmail.com', 's.sarjiman@gmail.com', '2025-06-08 15:17:54.034+07', '2025-06-08 15:58:50.759+07', NULL),
('ed3a8914-dc8e-4bd7-bfc5-9ae1f468a5dc', '1a21a801-35a2-4bd0-b934-17c64ec7745c', '6cd5fbbd-84e3-4c86-b419-4040d1f30a2e', '2025-06-01 00:00:00+07', '2025-06-30 00:00:00+07', '2025-05-25 00:00:00+07', '2025-06-08 00:00:00+07', 1000000, 1000000, 'Paid', 'Tagihan untuk kamar 01
Periode: 2025-06-01 to 2025-06-30', 'Automated Billing Task', 's.sarjiman@gmail.com', '2025-06-02 04:46:00.21+07', '2025-06-08 15:59:29.917+07', NULL),
('768d3d57-6467-4631-b9c9-28a51e31939f', '52c07a7e-eeeb-48b0-b1d8-cdcb9a8f2ded', '192ee950-7b81-4404-a3fa-5ac69f907dd0', '2025-05-23 00:00:00+07', '2025-06-22 00:00:00+07', '2025-05-16 00:00:00+07', '2025-05-30 00:00:00+07', 1000000, 1000000, 'Paid', 'Tagihan untuk kamar 02
Periode: 2025-05-23 to 2025-06-22', 'Automated Billing Task', 's.sarjiman@gmail.com', '2025-06-02 04:46:00.145+07', '2025-06-08 16:00:09.665+07', NULL),
('7d235147-99a4-4c86-8349-d29b315c898d', '123f6234-4fe4-4648-9aa5-82afe3ec39be', '223290ac-63d3-4a4d-92db-e3ff0796f8c1', '2025-05-30 00:00:00+07', '2025-06-29 00:00:00+07', '2025-05-30 00:00:00+07', '2025-05-30 00:00:00+07', 1100000, 0, 'Issued', 'Initial invoice for room 01 period: 2025-05-30 to 2025-06-29', 's.sarjiman@gmail.com', 's.sarjiman@gmail.com', '2025-06-15 08:47:37.387+07', '2025-06-15 08:47:37.407+07', NULL),
('2856726f-a3c7-49c0-8631-7b5de7021566', '80973552-3844-4652-aee9-a4ab4c6a09ce', '08b961f6-61ce-4d72-8bac-dd653dfd3919', '2025-06-14 00:00:00+07', '2025-07-13 00:00:00+07', '2025-06-14 00:00:00+07', '2025-06-14 00:00:00+07', 950000, 0, 'Issued', 'Initial invoice for room 02 period: 2025-06-14 to 2025-07-13', 's.sarjiman@gmail.com', 's.sarjiman@gmail.com', '2025-06-15 09:24:39.743+07', '2025-06-15 09:24:39.786+07', NULL),
('67ce0c08-3966-437f-a047-4c8381b96a78', '5cdf716c-6f86-4abe-b2b3-a934b9c72b02', '1e8b1cee-4bbf-43a0-b6e8-c11038567582', '2025-06-08 00:00:00+07', '2025-07-07 00:00:00+07', '2025-06-08 00:00:00+07', '2025-06-15 00:00:00+07', 500000, 500000, 'Paid', 'Initial invoice for room 11 period: 2025-06-08 to 2025-07-07', 's.sarjiman@gmail.com', 's.sarjiman@gmail.com', '2025-06-08 15:19:47.522+07', '2025-06-11 14:15:12.626+07', NULL),
('e1beae08-24a9-4d16-b3fa-8362ee3c0667', '67743d78-465d-4e3e-b40e-ece7c820d69e', '945ac36e-f672-4c28-9f79-f8134e0ee433', '2025-05-02 00:00:00+07', '2025-06-01 00:00:00+07', '2025-05-02 00:00:00+07', '2025-05-02 00:00:00+07', 950000, 0, 'Issued', 'Initial invoice for room 04 period: 2025-05-02 to 2025-06-01', 's.sarjiman@gmail.com', 's.sarjiman@gmail.com', '2025-06-15 09:26:32.635+07', '2025-06-15 09:26:32.646+07', NULL),
('7bdab0ef-2283-4953-8935-9d0a4119f52b', '52c07a7e-eeeb-48b0-b1d8-cdcb9a8f2ded', '192ee950-7b81-4404-a3fa-5ac69f907dd0', '2025-06-23 00:00:00+07', '2025-07-22 00:00:00+07', '2025-06-16 00:00:00+07', '2025-06-23 00:00:00+07', 1000000, 1000000, 'Paid', 'Tagihan untuk kamar 02
Periode: 2025-06-23 to 2025-07-22', 'Automated Billing Task', 's.sarjiman@gmail.com', '2025-06-21 01:00:00.156+07', '2025-06-25 06:47:31.084+07', NULL),
('f4fd5656-a9a0-455a-8fc6-547edae73c06', 'de24bee0-b5a6-47dc-960a-abef4e4ef4bc', '31452479-305b-416e-83e3-141b499f583a', '2025-06-18 00:00:00+07', '2025-07-17 00:00:00+07', '2025-06-11 00:00:00+07', '2025-06-18 00:00:00+07', 1000000, 0, 'Void', 'Tagihan untuk kamar 08
Periode: 2025-06-18 to 2025-07-17', 'Automated Billing Task', 'Automated Billing Task', '2025-06-13 04:23:00.233+07', '2025-06-25 06:49:04.988+07', NULL),
('ef9fa777-bb5d-4334-8fba-5751eabdfa2c', '5e600d87-28fe-4984-ba11-16c0293d00a0', '05bb9e0c-d4a2-493d-b959-9295484f408a', '2025-05-28 00:00:00+07', '2025-06-27 00:00:00+07', '2025-05-28 00:00:00+07', '2025-05-28 00:00:00+07', 1050000, 0, 'Issued', 'Initial invoice for room 05 period: 2025-05-28 to 2025-06-27', 's.sarjiman@gmail.com', 's.sarjiman@gmail.com', '2025-06-15 09:47:47.631+07', '2025-06-15 09:47:47.642+07', NULL),
('edb9f054-d1b8-439d-bf2b-742080689090', 'b1fe3e21-4e88-4c36-a464-efd39a40ff24', '74045046-ed8c-4e81-bd5d-7a0b205a3f2a', '2025-06-15 00:00:00+07', '2025-07-14 00:00:00+07', '2025-06-08 00:00:00+07', '2025-06-15 00:00:00+07', 1000000, 1000000, 'Paid', 'Tagihan untuk kamar 05
Periode: 2025-06-15 to 2025-07-14', 'Automated Billing Task', 's.sarjiman@gmail.com', '2025-06-10 01:00:00.332+07', '2025-06-18 22:09:51.558+07', NULL),
('09fcdc9c-e08d-400d-9805-065409202969', 'b7358fa8-2367-4995-a339-76246dfe2db9', '7b91d303-7479-49c3-a37a-16dcd93ef29a', '2025-06-14 00:00:00+07', '2025-07-13 00:00:00+07', '2025-06-07 00:00:00+07', '2025-06-14 00:00:00+07', 1200000, 1200000, 'Paid', 'Tagihan untuk kamar 10
Periode: 2025-06-14 to 2025-07-13', 'Automated Billing Task', 's.sarjiman@gmail.com', '2025-06-09 01:00:00.182+07', '2025-06-18 22:10:39.988+07', NULL),
('7af3b7a6-1e00-410d-ac90-67753cb803f9', '123f6234-4fe4-4648-9aa5-82afe3ec39be', '223290ac-63d3-4a4d-92db-e3ff0796f8c1', '2025-06-30 00:00:00+07', '2025-07-31 23:59:59.999+07', '2025-06-23 00:00:00+07', '2025-06-30 00:00:00+07', 1100000, 0, 'Issued', 'Tagihan untuk kamar 01
Periode: 2025-06-30 to 2025-07-31', 'Automated Billing Task', 'Automated Billing Task', '2025-06-27 01:00:00.214+07', '2025-06-27 01:00:00.252+07', NULL),
('84ddd963-a3d0-437c-937b-15758bf0e152', '67743d78-465d-4e3e-b40e-ece7c820d69e', '945ac36e-f672-4c28-9f79-f8134e0ee433', '2025-07-02 00:00:00+07', '2025-08-01 00:00:00+07', '2025-06-25 00:00:00+07', '2025-07-02 00:00:00+07', 950000, 0, 'Issued', 'Tagihan untuk kamar 04
Periode: 2025-07-02 to 2025-08-01', 'Automated Billing Task', 'Automated Billing Task', '2025-06-29 01:00:02.18+07', '2025-06-29 01:00:02.206+07', NULL),
('d1643e86-0411-445d-8f3d-72f05ae4eae2', '7b88fed1-d0c1-4668-b667-f9c09bfdaeb0', 'd1e6373a-c82b-4de1-8beb-e482286cab93', '2025-06-30 00:00:00+07', '2025-07-31 23:59:59.999+07', '2025-06-23 00:00:00+07', '2025-06-30 00:00:00+07', 1000000, 1000000, 'Paid', 'Tagihan untuk kamar 03
Periode: 2025-06-30 to 2025-07-31', 'Automated Billing Task', 's.sarjiman@gmail.com', '2025-06-27 01:00:00.288+07', '2025-07-02 08:13:37.502+07', NULL),
('58bc4149-56fe-46e9-a71e-7a32660650bc', '0915118f-6d5c-4518-a667-15f7b83ac783', '31452479-305b-416e-83e3-141b499f583a', '2025-07-01 00:00:00+07', '2025-07-31 00:00:00+07', '2025-07-01 00:00:00+07', '2025-07-01 00:00:00+07', 800000, 800000, 'Paid', 'Initial invoice for room 08 period: 2025-07-01 to 2025-07-31', 's.sarjiman@gmail.com', 's.sarjiman@gmail.com', '2025-07-01 07:44:34.44+07', '2025-07-01 07:45:00.593+07', NULL),
('3fd96581-7ae2-4fa0-98ed-fd10a50c9c11', 'bf02faa4-d102-47df-9ac0-789b81a566e5', '22c7503c-1e31-4cec-ae9f-447ec9a0ba54', '2025-07-05 00:00:00+07', '2025-08-04 00:00:00+07', '2025-07-05 00:00:00+07', '2025-07-05 00:00:00+07', 400000, 400000, 'Paid', 'Initial invoice for room 04 period: 2025-07-05 to 2025-08-04', 's.sarjiman@gmail.com', 's.sarjiman@gmail.com', '2025-07-06 11:20:50.56+07', '2025-07-06 11:21:15.002+07', NULL),
('30a8389e-aa49-43cd-af75-e4feddcd04da', '5cdf716c-6f86-4abe-b2b3-a934b9c72b02', '1e8b1cee-4bbf-43a0-b6e8-c11038567582', '2025-07-08 00:00:00+07', '2025-08-07 00:00:00+07', '2025-07-01 00:00:00+07', '2025-07-08 00:00:00+07', 500000, 0, 'Void', 'Tagihan untuk kamar 11
Periode: 2025-07-08 to 2025-08-07', 'Automated Billing Task', 'Automated Billing Task', '2025-07-05 01:00:00.182+07', '2025-07-16 21:36:32.886+07', NULL),
('5e467e45-de97-45d7-93f1-303415a45ec1', 'bdaa949c-757d-4ca7-9003-71cdcceb3c81', '31452479-305b-416e-83e3-141b499f583a', '2025-07-10 00:00:00+07', '2025-08-09 00:00:00+07', '2025-07-10 00:00:00+07', '2025-07-10 00:00:00+07', 1000000, 1000000, 'Paid', 'Initial invoice for room 08 period: 2025-07-10 to 2025-08-09', 's.sarjiman@gmail.com', 's.sarjiman@gmail.com', '2025-07-10 21:09:55.708+07', '2025-07-10 21:10:27.648+07', NULL),
('84cf55e2-b5d5-4985-910a-5c6058d6b9a3', '80973552-3844-4652-aee9-a4ab4c6a09ce', '08b961f6-61ce-4d72-8bac-dd653dfd3919', '2025-07-14 00:00:00+07', '2025-08-13 00:00:00+07', '2025-07-07 00:00:00+07', '2025-07-14 00:00:00+07', 950000, 0, 'Issued', 'Tagihan untuk kamar 02
Periode: 2025-07-14 to 2025-08-13', 'Automated Billing Task', 'Automated Billing Task', '2025-07-11 01:00:00.228+07', '2025-07-11 01:00:00.246+07', NULL),
('89c6981f-e0cb-4eaa-b857-4dcc9a33935f', 'bc04a10d-3a6c-41a1-8b9f-21fdf64907f2', '34c09476-a05f-488c-91da-83ff2a40dde9', '2025-05-04 00:00:00+07', '2025-06-03 00:00:00+07', '2025-05-04 00:00:00+07', '2025-05-04 00:00:00+07', 1050000, 0, 'Issued', 'Initial invoice for room 10 period: 2025-05-04 to 2025-06-03', 's.sarjiman@gmail.com', 's.sarjiman@gmail.com', '2025-07-19 10:41:25.35+07', '2025-07-19 10:41:25.371+07', NULL),
('78d4337e-3a12-4924-845e-73c27a2815e5', 'b7358fa8-2367-4995-a339-76246dfe2db9', '7b91d303-7479-49c3-a37a-16dcd93ef29a', '2025-07-14 00:00:00+07', '2025-08-13 00:00:00+07', '2025-07-07 00:00:00+07', '2025-07-14 00:00:00+07', 1200000, 1200000, 'Paid', 'Tagihan untuk kamar 10
Periode: 2025-07-14 to 2025-08-13', 'Automated Billing Task', 's.sarjiman@gmail.com', '2025-07-11 01:00:00.307+07', '2025-07-15 07:53:33.044+07', NULL),
('8a43efa4-375f-4d3d-9bb0-170f2b377247', 'b1fe3e21-4e88-4c36-a464-efd39a40ff24', '74045046-ed8c-4e81-bd5d-7a0b205a3f2a', '2025-07-15 00:00:00+07', '2025-08-14 00:00:00+07', '2025-07-08 00:00:00+07', '2025-07-15 00:00:00+07', 1000000, 0, 'Void', 'Tagihan untuk kamar 05
Periode: 2025-07-15 to 2025-08-14', 'Automated Billing Task', 'Automated Billing Task', '2025-07-12 01:00:00.234+07', '2025-07-15 10:10:25.665+07', NULL),
('2a02e455-084f-4735-b4a2-39d8bfe5b19e', 'ef647122-36ed-43a4-81bb-6028d856882f', '6d9c2ebd-3ea9-44af-bdc0-a1491527e780', '2025-05-07 00:00:00+07', '2025-06-06 00:00:00+07', '2025-05-07 00:00:00+07', '2025-05-07 00:00:00+07', 1050000, 0, 'Issued', 'Initial invoice for room 11 period: 2025-05-07 to 2025-06-06', 's.sarjiman@gmail.com', 's.sarjiman@gmail.com', '2025-07-19 10:44:39.22+07', '2025-07-19 10:44:39.236+07', NULL),
('dd61b244-34a3-4773-8d56-3860692e7027', 'd0221060-c8f1-4ba6-baac-30296cdc1aa1', '74045046-ed8c-4e81-bd5d-7a0b205a3f2a', '2025-07-16 00:00:00+07', '2025-08-15 00:00:00+07', '2025-07-16 00:00:00+07', '2025-07-16 00:00:00+07', 600000, 600000, 'Paid', 'Initial invoice for room 05 period: 2025-07-16 to 2025-08-15', 's.sarjiman@gmail.com', 's.sarjiman@gmail.com', '2025-07-16 21:34:14.002+07', '2025-07-16 21:35:13.982+07', NULL),
('29b84c5e-1a99-4898-a3ea-b495806c1268', 'ceeeb638-aee9-45d3-ae6a-d7518971e963', '67936cba-6aa6-47bc-9023-416c3200fa43', '2025-07-15 00:00:00+07', '2025-08-14 00:00:00+07', '2025-07-15 00:00:00+07', '2025-07-15 00:00:00+07', 500000, 500000, 'Paid', 'Initial invoice for room 12 period: 2025-07-15 to 2025-08-14', 's.sarjiman@gmail.com', 's.sarjiman@gmail.com', '2025-07-16 21:37:44.73+07', '2025-07-16 21:38:12.094+07', NULL),
('2c25284b-0759-428f-a557-c24d664fd35e', 'bf02faa4-d102-47df-9ac0-789b81a566e5', '22c7503c-1e31-4cec-ae9f-447ec9a0ba54', '2025-07-11 00:00:00+07', '2025-07-11 00:00:00+07', '2025-07-11 00:00:00+07', '2025-07-11 00:00:00+07', 750000, 750000, 'Paid', 'Invoice for Extend kosan 3 minggu lagi (Room 04)', NULL, 's.sarjiman@gmail.com', '2025-07-18 14:45:16.927+07', '2025-07-18 14:45:35.006+07', NULL),
('8b8b15d5-28df-4078-8d14-80a8d251e177', '3e7eed15-97d4-4ebd-a415-69aa6a9df093', '88669c8b-606d-4ca7-93b7-bdfe9b4e90fd', '2025-05-02 00:00:00+07', '2025-06-01 00:00:00+07', '2025-05-02 00:00:00+07', '2025-05-02 00:00:00+07', 1100000, 0, 'Issued', 'Initial invoice for room 06 period: 2025-05-02 to 2025-06-01', 's.sarjiman@gmail.com', 's.sarjiman@gmail.com', '2025-07-18 21:43:39.325+07', '2025-07-18 21:43:39.345+07', NULL),
('50362c09-510b-4ea0-8f3b-40d1ebb2be5f', '3e7eed15-97d4-4ebd-a415-69aa6a9df093', '88669c8b-606d-4ca7-93b7-bdfe9b4e90fd', '2025-06-02 00:00:00+07', '2025-07-01 00:00:00+07', '2025-05-26 00:00:00+07', '2025-06-02 00:00:00+07', 1100000, 0, 'Issued', 'Tagihan untuk kamar 06
Periode: 2025-06-02 to 2025-07-01', 'Automated Billing Task', 'Automated Billing Task', '2025-07-19 01:00:00.179+07', '2025-07-19 01:00:00.198+07', NULL),
('f8f92a2d-6cdf-4746-b0a8-d1dd10141770', '3e7eed15-97d4-4ebd-a415-69aa6a9df093', '88669c8b-606d-4ca7-93b7-bdfe9b4e90fd', '2025-07-02 00:00:00+07', '2025-08-01 00:00:00+07', '2025-06-25 00:00:00+07', '2025-07-02 00:00:00+07', 1100000, 0, 'Issued', 'Tagihan untuk kamar 06
Periode: 2025-07-02 to 2025-08-01', 'Automated Billing Task', 'Automated Billing Task', '2025-07-19 01:00:00.221+07', '2025-07-19 01:00:00.226+07', NULL),
('62ac8080-e708-48f1-b6db-e78f3478981b', '406f26c2-f720-4758-a402-546b35d466ea', 'a7eef36b-a64d-4250-8a38-11edb279313d', '2025-05-02 00:00:00+07', '2025-06-01 00:00:00+07', '2025-05-02 00:00:00+07', '2025-05-02 00:00:00+07', 1000000, 0, 'Issued', 'Initial invoice for room 07 period: 2025-05-02 to 2025-06-01', 's.sarjiman@gmail.com', 's.sarjiman@gmail.com', '2025-07-19 10:33:20.241+07', '2025-07-19 10:33:20.262+07', NULL),
('c450066e-d3ac-42bf-a759-7bfa9d929523', 'd4d1355e-d488-40b3-be9c-f2afefd4c682', 'b85b9b32-f5d5-4460-8758-224ed40f42fa', '2025-05-01 00:00:00+07', '2025-05-31 00:00:00+07', '2025-05-01 00:00:00+07', '2025-05-01 00:00:00+07', 1100000, 0, 'Issued', 'Initial invoice for room 08 period: 2025-05-01 to 2025-05-31', 's.sarjiman@gmail.com', 's.sarjiman@gmail.com', '2025-07-19 10:39:16.53+07', '2025-07-19 10:39:16.563+07', NULL),
('987d1b35-d486-444f-95ef-606fcc2d883e', '6cc08a55-32c8-4e4d-a154-bf8ef582bb16', 'f0d40fe0-1c8e-4e4c-b12c-d08aa29ad726', '2025-06-28 00:00:00+07', '2025-07-27 00:00:00+07', '2025-06-28 00:00:00+07', '2025-06-28 00:00:00+07', 1050000, 0, 'Issued', 'Initial invoice for room 12 period: 2025-06-28 to 2025-07-27', 's.sarjiman@gmail.com', 's.sarjiman@gmail.com', '2025-07-19 10:46:32.998+07', '2025-07-19 10:46:33.005+07', NULL),
('7e3b376d-b090-4ea1-9b61-f592bf8f4dcd', '5c557a60-e68c-4bbd-8431-7499af927c90', '5ec392e6-e552-4ada-9441-60e4c1464baa', '2025-05-28 00:00:00+07', '2025-06-27 00:00:00+07', '2025-05-28 00:00:00+07', '2025-05-28 00:00:00+07', 105000, 0, 'Issued', 'Initial invoice for room 13 period: 2025-05-28 to 2025-06-27', 's.sarjiman@gmail.com', 's.sarjiman@gmail.com', '2025-07-19 10:47:48.832+07', '2025-07-19 10:47:48.844+07', NULL),
('7a068d4d-91be-4619-ade2-4a03f7babbf9', '4c6d7d49-d5f9-46fb-9d66-ee32644f9ecd', 'a901b2bc-dcdb-4812-9ebf-bb8bb6c98e7a', '2025-05-08 00:00:00+07', '2025-06-07 00:00:00+07', '2025-05-08 00:00:00+07', '2025-05-08 00:00:00+07', 1200000, 0, 'Issued', 'Initial invoice for room 14 period: 2025-05-08 to 2025-06-07', 's.sarjiman@gmail.com', 's.sarjiman@gmail.com', '2025-07-19 10:49:43.846+07', '2025-07-19 10:49:43.862+07', NULL),
('6c159b5e-5a28-4d9b-9624-457a7cbaef3d', 'd64d35c0-225e-47cc-a931-f58501d9b7af', '154ed529-e4e9-4c67-9169-9e466d3fc6e5', '2025-04-29 00:00:00+07', '2025-05-28 00:00:00+07', '2025-04-29 00:00:00+07', '2025-04-29 00:00:00+07', 1200000, 0, 'Issued', 'Initial invoice for room 27 period: 2025-04-29 to 2025-05-28', 's.sarjiman@gmail.com', 's.sarjiman@gmail.com', '2025-07-19 14:42:49.886+07', '2025-07-19 14:42:49.901+07', NULL),
('dc4bdffa-d8e9-479a-ac79-ed682c3ad323', '0f1f6d77-582d-4508-b560-00a6dfe7bdb5', '47122f20-9ed8-4b0d-8897-7ee479cce5da', '2025-04-05 00:00:00+07', '2025-05-04 00:00:00+07', '2025-04-05 00:00:00+07', '2025-04-05 00:00:00+07', 950000, 0, 'Issued', 'Initial invoice for room 17 period: 2025-04-05 to 2025-05-04', 's.sarjiman@gmail.com', 's.sarjiman@gmail.com', '2025-07-19 12:36:41.037+07', '2025-07-19 12:36:41.05+07', NULL),
('c6d76e9c-e63a-4b33-b93f-5a11bb9bfa5b', '1ab864ee-e2d3-429f-bdaa-a0accea7cd23', 'd8963d58-c6c6-452f-80ce-f3cdebbcc9b0', '2025-05-15 00:00:00+07', '2025-06-14 00:00:00+07', '2025-05-15 00:00:00+07', '2025-05-15 00:00:00+07', 1050000, 0, 'Issued', 'Initial invoice for room 18 period: 2025-05-15 to 2025-06-14', 's.sarjiman@gmail.com', 's.sarjiman@gmail.com', '2025-07-19 12:39:20.107+07', '2025-07-19 12:39:20.121+07', NULL),
('224aee18-7a66-4468-8fde-625cf3782206', '33f6863e-d831-4e23-b24c-9c2dd288b3bb', 'a69371f7-4601-453c-a2e3-dd711ec7afc6', '2025-05-29 00:00:00+07', '2025-06-28 00:00:00+07', '2025-05-29 00:00:00+07', '2025-05-29 00:00:00+07', 950000, 0, 'Issued', 'Initial invoice for room 19 period: 2025-05-29 to 2025-06-28', 's.sarjiman@gmail.com', 's.sarjiman@gmail.com', '2025-07-19 12:42:09.578+07', '2025-07-19 12:42:09.591+07', NULL),
('40f6caf4-e6fc-4d61-88eb-fa7373c262ed', 'c79ab7fa-0eb3-4b0a-b0ca-11e5f8924448', 'ae738144-a8d7-4f5b-88f5-226e18d367ad', '2025-05-02 00:00:00+07', '2025-06-01 00:00:00+07', '2025-05-02 00:00:00+07', '2025-05-02 00:00:00+07', 1050000, 0, 'Issued', 'Initial invoice for room 20 period: 2025-05-02 to 2025-06-01', 's.sarjiman@gmail.com', 's.sarjiman@gmail.com', '2025-07-19 12:54:47.932+07', '2025-07-19 12:54:47.947+07', NULL),
('e0125f04-0015-4bf4-968f-d3da7ab4f39a', '044b33a3-5c56-48e6-9e16-92b148aa7d87', '1591908f-49e5-4454-b625-5359db0c98ab', '2025-05-12 00:00:00+07', '2025-06-11 00:00:00+07', '2025-05-12 00:00:00+07', '2025-05-12 00:00:00+07', 1050000, 0, 'Issued', 'Initial invoice for room 21 period: 2025-05-12 to 2025-06-11', 's.sarjiman@gmail.com', 's.sarjiman@gmail.com', '2025-07-19 12:56:24.544+07', '2025-07-19 12:56:24.553+07', NULL),
('6f3af282-c553-4f59-b2d5-383a417ec4bf', 'b2d08085-3a76-4c36-b176-fd9735131039', '703e8486-24e3-4f0a-8e71-bc692d00749c', '2025-04-29 00:00:00+07', '2025-05-28 00:00:00+07', '2025-04-29 00:00:00+07', '2025-04-29 00:00:00+07', 1150000, 0, 'Issued', 'Initial invoice for room 22 period: 2025-04-29 to 2025-05-28', 's.sarjiman@gmail.com', 's.sarjiman@gmail.com', '2025-07-19 12:59:25.66+07', '2025-07-19 12:59:25.679+07', NULL),
('32cb7dbb-c3bb-43c2-b3bd-33f3fa7aa719', '62d57e18-d876-44fe-88aa-f1428b25c1f8', '9a10bc57-85a8-4894-8aa6-2e9ef170eb72', '2025-05-25 00:00:00+07', '2025-06-24 00:00:00+07', '2025-05-25 00:00:00+07', '2025-05-25 00:00:00+07', 1000000, 0, 'Issued', 'Initial invoice for room 23 period: 2025-05-25 to 2025-06-24', 's.sarjiman@gmail.com', 's.sarjiman@gmail.com', '2025-07-19 13:01:27.206+07', '2025-07-19 13:01:27.216+07', NULL),
('1c98bb16-5e7a-4290-bb1f-91e452e2cf0c', '89439dda-ed9f-42d4-b601-74fe6bb19bc8', '45602a65-5ee7-4601-8e74-ed1d76a1761b', '2025-05-25 00:00:00+07', '2025-06-24 00:00:00+07', '2025-05-25 00:00:00+07', '2025-05-25 00:00:00+07', 1150000, 0, 'Issued', 'Initial invoice for room 24 period: 2025-05-25 to 2025-06-24', 's.sarjiman@gmail.com', 's.sarjiman@gmail.com', '2025-07-19 13:02:48.439+07', '2025-07-19 13:02:48.452+07', NULL),
('3bbd3f5b-0b5f-4965-b725-46bd0434ce24', '42ea2e36-d16e-4ca8-8a06-e277fef79f03', '1c9cff2b-0b27-46d5-bc80-880387cd9f96', '2025-05-24 00:00:00+07', '2025-06-23 00:00:00+07', '2025-05-24 00:00:00+07', '2025-05-24 00:00:00+07', 1050000, 0, 'Void', 'Initial invoice for room 15 period: 2025-05-24 to 2025-06-23', 's.sarjiman@gmail.com', 's.sarjiman@gmail.com', '2025-07-19 10:50:55.32+07', '2025-07-19 13:22:33.137+07', NULL),
('69ebef8d-90d0-4816-acbb-97b1f50ad741', '6e8cdb5b-6ca8-4706-a6af-b58fc10b6f9a', 'c8ec2dfb-f778-4ea8-96b6-1c8e210e7c8e', '2025-05-30 00:00:00+07', '2025-06-29 00:00:00+07', '2025-05-30 00:00:00+07', '2025-05-30 00:00:00+07', 1250000, 0, 'Issued', 'Initial invoice for room 28 period: 2025-05-30 to 2025-06-29', 's.sarjiman@gmail.com', 's.sarjiman@gmail.com', '2025-07-19 14:44:33.703+07', '2025-07-19 14:44:33.723+07', NULL),
('6a5b2431-5759-4dbc-80af-2c1a797c447f', 'b03f8bc6-2411-4a0b-a5fa-213eec8ecca5', 'a37f4995-f7b2-4a22-82bf-84b50861a95b', '2025-05-15 00:00:00+07', '2025-06-14 00:00:00+07', '2025-05-15 00:00:00+07', '2025-05-15 00:00:00+07', 1250000, 0, 'Issued', 'Initial invoice for room 29 period: 2025-05-15 to 2025-06-14', 's.sarjiman@gmail.com', 's.sarjiman@gmail.com', '2025-07-19 14:46:42.06+07', '2025-07-19 14:46:42.066+07', NULL),
('347f0f79-59a7-4ca7-9fd6-d445832682aa', '86e35284-4a73-4c14-80fe-6f7af6ac1bf8', '8fb3e55e-6c4d-49a2-9316-83d9bc72fc86', '2025-05-01 00:00:00+07', '2025-05-31 00:00:00+07', '2025-05-01 00:00:00+07', '2025-05-01 00:00:00+07', 1350000, 0, 'Issued', 'Initial invoice for room 30 period: 2025-05-01 to 2025-05-31', 's.sarjiman@gmail.com', 's.sarjiman@gmail.com', '2025-07-19 14:48:56.822+07', '2025-07-19 14:48:56.835+07', NULL),
('ea4520f3-d9c7-4824-8dab-8587cf88469b', '0d8cdd76-77d3-495c-a225-2b13502df35e', 'ec89f416-97ae-4394-965c-d3d164fd3e59', '2025-05-05 00:00:00+07', '2025-06-04 00:00:00+07', '2025-05-05 00:00:00+07', '2025-05-05 00:00:00+07', 1300000, 0, 'Issued', 'Initial invoice for room 31 period: 2025-05-05 to 2025-06-04', 's.sarjiman@gmail.com', 's.sarjiman@gmail.com', '2025-07-19 14:53:22.15+07', '2025-07-19 14:53:22.159+07', NULL),
('2ded0731-444a-4b90-a5bc-c4baf4b5ff7a', '6d5404b9-bb95-4d17-b1ab-1ec3e66a74eb', 'e6edd6a4-742f-4948-ba8f-0a497bd445f9', '2025-05-28 00:00:00+07', '2025-06-27 00:00:00+07', '2025-05-28 00:00:00+07', '2025-05-28 00:00:00+07', 1350000, 0, 'Issued', 'Initial invoice for room 32 period: 2025-05-28 to 2025-06-27', 's.sarjiman@gmail.com', 's.sarjiman@gmail.com', '2025-07-19 14:54:51.9+07', '2025-07-19 14:54:51.913+07', NULL),
('4e01491a-2387-429a-a4f6-ea21da69379b', '4b6b7185-a6e1-4aa2-a118-de5367cecf86', '1eb47689-3d88-4775-be8d-1db2511bc656', '2025-05-15 00:00:00+07', '2025-06-14 00:00:00+07', '2025-05-15 00:00:00+07', '2025-05-15 00:00:00+07', 1350000, 0, 'Issued', 'Initial invoice for room 33 period: 2025-05-15 to 2025-06-14', 's.sarjiman@gmail.com', 's.sarjiman@gmail.com', '2025-07-19 14:57:25.494+07', '2025-07-19 14:57:25.502+07', NULL),
('4e3dc7ef-6f28-4680-9ed0-64832067bfda', '06aa9d1b-bb59-4eba-a2ff-1f674bda2fb9', 'ba1bc2a4-a368-4459-9435-7b1d8514ae14', '2025-05-29 00:00:00+07', '2025-06-28 00:00:00+07', '2025-05-29 00:00:00+07', '2025-05-29 00:00:00+07', 1350000, 0, 'Issued', 'Initial invoice for room 34 period: 2025-05-29 to 2025-06-28', 's.sarjiman@gmail.com', 's.sarjiman@gmail.com', '2025-07-19 15:00:43.757+07', '2025-07-19 15:00:43.764+07', NULL),
('f913f182-8c3f-42f4-8d64-c2e7e8186ec0', '42f0c8a3-ee92-4719-9aa1-417770be8cfd', '42620146-362a-4159-9000-e6a1a4e295b3', '2025-05-27 00:00:00+07', '2025-06-26 00:00:00+07', '2025-05-27 00:00:00+07', '2025-05-27 00:00:00+07', 1350000, 0, 'Issued', 'Initial invoice for room 35 period: 2025-05-27 to 2025-06-26', 's.sarjiman@gmail.com', 's.sarjiman@gmail.com', '2025-07-19 15:02:24.531+07', '2025-07-19 15:02:24.544+07', NULL),
('f2f0ebc4-33b3-4b59-b6be-0533867fe235', '39764a39-681d-488a-996a-b2bb7a91997a', '35ca30fc-ae24-4f58-808f-e9fb93b28d37', '2025-05-26 00:00:00+07', '2025-06-25 00:00:00+07', '2025-05-26 00:00:00+07', '2025-05-26 00:00:00+07', 500000, 0, 'Issued', 'Initial invoice for room 37 period: 2025-05-26 to 2025-06-25', 's.sarjiman@gmail.com', 's.sarjiman@gmail.com', '2025-07-19 15:04:20.346+07', '2025-07-19 15:04:20.357+07', NULL),
('b2f22b08-42ca-4bc3-af7b-149628238517', '1e1416ac-f7f7-407f-9c1d-6c729ec24308', 'bee969ea-0dc2-4d69-bf9e-72187c82c69c', '2025-05-03 00:00:00+07', '2025-06-02 00:00:00+07', '2025-05-03 00:00:00+07', '2025-05-03 00:00:00+07', 1100000, 0, 'Issued', 'Initial invoice for room 38 period: 2025-05-03 to 2025-06-02', 's.sarjiman@gmail.com', 's.sarjiman@gmail.com', '2025-07-19 15:05:58.926+07', '2025-07-19 15:05:58.939+07', NULL),
('adbdc500-1efe-48ed-b9e9-6852f28c694e', 'd8b6d86a-6b4c-45ae-857b-76a7c1d2497e', 'f3823b83-c2d4-4a63-bed0-b1a2aa100916', '2025-05-29 00:00:00+07', '2025-06-28 00:00:00+07', '2025-05-29 00:00:00+07', '2025-05-29 00:00:00+07', 1100000, 0, 'Issued', 'Initial invoice for room 39 period: 2025-05-29 to 2025-06-28', 's.sarjiman@gmail.com', 's.sarjiman@gmail.com', '2025-07-19 15:07:21.777+07', '2025-07-19 15:07:21.788+07', NULL),
('b08aa2b3-99d0-4a9a-b224-ac1606550834', 'bf9ed393-c459-4b9a-a26e-528542b9499f', '904d377b-9b8e-4cab-ba3a-227921e12423', '2025-05-14 00:00:00+07', '2025-06-13 00:00:00+07', '2025-05-14 00:00:00+07', '2025-05-14 00:00:00+07', 1100000, 0, 'Issued', 'Initial invoice for room 40 period: 2025-05-14 to 2025-06-13', 's.sarjiman@gmail.com', 's.sarjiman@gmail.com', '2025-07-19 15:08:33.889+07', '2025-07-19 15:08:33.901+07', NULL),
('73180c52-9a09-4a83-8d1f-451ef26dfa39', '06aa9d1b-bb59-4eba-a2ff-1f674bda2fb9', 'ba1bc2a4-a368-4459-9435-7b1d8514ae14', '2025-06-29 00:00:00+07', '2025-07-28 00:00:00+07', '2025-06-22 00:00:00+07', '2025-06-29 00:00:00+07', 1350000, 0, 'Issued', 'Tagihan untuk kamar 34
Periode: 2025-06-29 to 2025-07-28', 'Automated Billing Task', 'Automated Billing Task', '2025-07-20 01:00:00.156+07', '2025-07-20 01:00:00.184+07', NULL),
('a533deb4-543e-4251-8cd1-fdebf209d9b1', '1ab864ee-e2d3-429f-bdaa-a0accea7cd23', 'd8963d58-c6c6-452f-80ce-f3cdebbcc9b0', '2025-06-15 00:00:00+07', '2025-07-14 00:00:00+07', '2025-06-08 00:00:00+07', '2025-06-15 00:00:00+07', 1050000, 0, 'Issued', 'Tagihan untuk kamar 18
Periode: 2025-06-15 to 2025-07-14', 'Automated Billing Task', 'Automated Billing Task', '2025-07-20 01:00:00.208+07', '2025-07-20 01:00:00.228+07', NULL),
('31121087-4973-4bf0-830a-014886e1e4ce', '1ab864ee-e2d3-429f-bdaa-a0accea7cd23', 'd8963d58-c6c6-452f-80ce-f3cdebbcc9b0', '2025-07-15 00:00:00+07', '2025-08-14 00:00:00+07', '2025-07-08 00:00:00+07', '2025-07-15 00:00:00+07', 1050000, 0, 'Issued', 'Tagihan untuk kamar 18
Periode: 2025-07-15 to 2025-08-14', 'Automated Billing Task', 'Automated Billing Task', '2025-07-20 01:00:00.243+07', '2025-07-20 01:00:00.25+07', NULL),
('3dd92c65-2637-47fa-8b6a-31e51c5f56ef', '044b33a3-5c56-48e6-9e16-92b148aa7d87', '1591908f-49e5-4454-b625-5359db0c98ab', '2025-06-12 00:00:00+07', '2025-07-11 00:00:00+07', '2025-06-05 00:00:00+07', '2025-06-12 00:00:00+07', 1050000, 0, 'Issued', 'Tagihan untuk kamar 21
Periode: 2025-06-12 to 2025-07-11', 'Automated Billing Task', 'Automated Billing Task', '2025-07-20 01:00:00.273+07', '2025-07-20 01:00:00.28+07', NULL),
('5218f190-3264-4286-a9e8-eddbef4e4559', '044b33a3-5c56-48e6-9e16-92b148aa7d87', '1591908f-49e5-4454-b625-5359db0c98ab', '2025-07-12 00:00:00+07', '2025-08-11 00:00:00+07', '2025-07-05 00:00:00+07', '2025-07-12 00:00:00+07', 1050000, 0, 'Issued', 'Tagihan untuk kamar 21
Periode: 2025-07-12 to 2025-08-11', 'Automated Billing Task', 'Automated Billing Task', '2025-07-20 01:00:00.294+07', '2025-07-20 01:00:00.3+07', NULL),
('47781e9a-5348-42cb-9fa2-d5589ec27bcb', '33f6863e-d831-4e23-b24c-9c2dd288b3bb', 'a69371f7-4601-453c-a2e3-dd711ec7afc6', '2025-06-29 00:00:00+07', '2025-07-28 00:00:00+07', '2025-06-22 00:00:00+07', '2025-06-29 00:00:00+07', 950000, 0, 'Issued', 'Tagihan untuk kamar 19
Periode: 2025-06-29 to 2025-07-28', 'Automated Billing Task', 'Automated Billing Task', '2025-07-20 01:00:00.347+07', '2025-07-20 01:00:00.354+07', NULL),
('8ea3a4bc-3e5d-4d55-9505-9da396e9d1a9', '1e1416ac-f7f7-407f-9c1d-6c729ec24308', 'bee969ea-0dc2-4d69-bf9e-72187c82c69c', '2025-06-03 00:00:00+07', '2025-07-02 00:00:00+07', '2025-05-27 00:00:00+07', '2025-06-03 00:00:00+07', 1100000, 0, 'Issued', 'Tagihan untuk kamar 38
Periode: 2025-06-03 to 2025-07-02', 'Automated Billing Task', 'Automated Billing Task', '2025-07-20 01:00:00.38+07', '2025-07-20 01:00:00.387+07', NULL),
('08400f49-9b3e-4089-8385-db2bf4cab4f4', '1e1416ac-f7f7-407f-9c1d-6c729ec24308', 'bee969ea-0dc2-4d69-bf9e-72187c82c69c', '2025-07-03 00:00:00+07', '2025-08-02 00:00:00+07', '2025-06-26 00:00:00+07', '2025-07-03 00:00:00+07', 1100000, 0, 'Issued', 'Tagihan untuk kamar 38
Periode: 2025-07-03 to 2025-08-02', 'Automated Billing Task', 'Automated Billing Task', '2025-07-20 01:00:00.407+07', '2025-07-20 01:00:00.414+07', NULL),
('f6a1464a-6b78-4072-9f94-9d98ea70ece1', '89439dda-ed9f-42d4-b601-74fe6bb19bc8', '45602a65-5ee7-4601-8e74-ed1d76a1761b', '2025-06-25 00:00:00+07', '2025-07-24 00:00:00+07', '2025-06-18 00:00:00+07', '2025-06-25 00:00:00+07', 1150000, 0, 'Issued', 'Tagihan untuk kamar 24
Periode: 2025-06-25 to 2025-07-24', 'Automated Billing Task', 'Automated Billing Task', '2025-07-20 01:00:00.438+07', '2025-07-20 01:00:00.444+07', NULL),
('dfc8d8ab-1140-41bf-83ec-a5ca273b192d', '0d8cdd76-77d3-495c-a225-2b13502df35e', 'ec89f416-97ae-4394-965c-d3d164fd3e59', '2025-06-05 00:00:00+07', '2025-07-04 00:00:00+07', '2025-05-29 00:00:00+07', '2025-06-05 00:00:00+07', 1300000, 0, 'Issued', 'Tagihan untuk kamar 31
Periode: 2025-06-05 to 2025-07-04', 'Automated Billing Task', 'Automated Billing Task', '2025-07-20 01:00:00.467+07', '2025-07-20 01:00:00.476+07', NULL),
('56e09587-b3e4-4b63-b0a4-e68941ae67f0', '0d8cdd76-77d3-495c-a225-2b13502df35e', 'ec89f416-97ae-4394-965c-d3d164fd3e59', '2025-07-05 00:00:00+07', '2025-08-04 00:00:00+07', '2025-06-28 00:00:00+07', '2025-07-05 00:00:00+07', 1300000, 0, 'Issued', 'Tagihan untuk kamar 31
Periode: 2025-07-05 to 2025-08-04', 'Automated Billing Task', 'Automated Billing Task', '2025-07-20 01:00:00.493+07', '2025-07-20 01:00:00.532+07', NULL),
('e7f3a33e-da5b-4440-83bc-089c9c58abed', 'bc04a10d-3a6c-41a1-8b9f-21fdf64907f2', '34c09476-a05f-488c-91da-83ff2a40dde9', '2025-06-04 00:00:00+07', '2025-07-03 00:00:00+07', '2025-05-28 00:00:00+07', '2025-06-04 00:00:00+07', 1050000, 0, 'Issued', 'Tagihan untuk kamar 10
Periode: 2025-06-04 to 2025-07-03', 'Automated Billing Task', 'Automated Billing Task', '2025-07-20 01:00:00.555+07', '2025-07-20 01:00:00.562+07', NULL),
('c88183c1-53a5-4df3-add7-fdb75cf32056', 'bc04a10d-3a6c-41a1-8b9f-21fdf64907f2', '34c09476-a05f-488c-91da-83ff2a40dde9', '2025-07-04 00:00:00+07', '2025-08-03 00:00:00+07', '2025-06-27 00:00:00+07', '2025-07-04 00:00:00+07', 1050000, 0, 'Issued', 'Tagihan untuk kamar 10
Periode: 2025-07-04 to 2025-08-03', 'Automated Billing Task', 'Automated Billing Task', '2025-07-20 01:00:00.575+07', '2025-07-20 01:00:00.579+07', NULL),
('261ed955-a1ad-452d-9126-c9b5fd39cb02', 'bf9ed393-c459-4b9a-a26e-528542b9499f', '904d377b-9b8e-4cab-ba3a-227921e12423', '2025-06-14 00:00:00+07', '2025-07-13 00:00:00+07', '2025-06-07 00:00:00+07', '2025-06-14 00:00:00+07', 1100000, 0, 'Issued', 'Tagihan untuk kamar 40
Periode: 2025-06-14 to 2025-07-13', 'Automated Billing Task', 'Automated Billing Task', '2025-07-20 01:00:00.6+07', '2025-07-20 01:00:00.605+07', NULL),
('c811b353-d196-486b-8330-e1cd41f47284', 'bf9ed393-c459-4b9a-a26e-528542b9499f', '904d377b-9b8e-4cab-ba3a-227921e12423', '2025-07-14 00:00:00+07', '2025-08-13 00:00:00+07', '2025-07-07 00:00:00+07', '2025-07-14 00:00:00+07', 1100000, 0, 'Issued', 'Tagihan untuk kamar 40
Periode: 2025-07-14 to 2025-08-13', 'Automated Billing Task', 'Automated Billing Task', '2025-07-20 01:00:00.639+07', '2025-07-20 01:00:00.645+07', NULL),
('53d71d5f-91a2-4b96-bf27-de2d8054dd6b', '4c6d7d49-d5f9-46fb-9d66-ee32644f9ecd', 'a901b2bc-dcdb-4812-9ebf-bb8bb6c98e7a', '2025-06-08 00:00:00+07', '2025-07-07 00:00:00+07', '2025-06-01 00:00:00+07', '2025-06-08 00:00:00+07', 1200000, 0, 'Issued', 'Tagihan untuk kamar 14
Periode: 2025-06-08 to 2025-07-07', 'Automated Billing Task', 'Automated Billing Task', '2025-07-20 01:00:00.661+07', '2025-07-20 01:00:00.666+07', NULL),
('f2b0df3a-bb6c-4960-beba-4586c1353512', '4c6d7d49-d5f9-46fb-9d66-ee32644f9ecd', 'a901b2bc-dcdb-4812-9ebf-bb8bb6c98e7a', '2025-07-08 00:00:00+07', '2025-08-07 00:00:00+07', '2025-07-01 00:00:00+07', '2025-07-08 00:00:00+07', 1200000, 0, 'Issued', 'Tagihan untuk kamar 14
Periode: 2025-07-08 to 2025-08-07', 'Automated Billing Task', 'Automated Billing Task', '2025-07-20 01:00:00.692+07', '2025-07-20 01:00:00.7+07', NULL),
('fd3f44fe-9acb-41c4-bdcd-91f71b4b7c72', '86e35284-4a73-4c14-80fe-6f7af6ac1bf8', '8fb3e55e-6c4d-49a2-9316-83d9bc72fc86', '2025-06-01 00:00:00+07', '2025-06-30 00:00:00+07', '2025-05-25 00:00:00+07', '2025-06-01 00:00:00+07', 1350000, 0, 'Issued', 'Tagihan untuk kamar 30
Periode: 2025-06-01 to 2025-06-30', 'Automated Billing Task', 'Automated Billing Task', '2025-07-20 01:00:00.72+07', '2025-07-20 01:00:00.726+07', NULL),
('32e442cc-7ca9-4778-a1dd-a09aecfb93f8', '86e35284-4a73-4c14-80fe-6f7af6ac1bf8', '8fb3e55e-6c4d-49a2-9316-83d9bc72fc86', '2025-07-01 00:00:00+07', '2025-07-31 00:00:00+07', '2025-06-24 00:00:00+07', '2025-07-01 00:00:00+07', 1350000, 0, 'Issued', 'Tagihan untuk kamar 30
Periode: 2025-07-01 to 2025-07-31', 'Automated Billing Task', 'Automated Billing Task', '2025-07-20 01:00:00.737+07', '2025-07-20 01:00:00.741+07', NULL),
('dd180c37-33eb-45cb-ba34-a3ccab94fb9a', 'ef647122-36ed-43a4-81bb-6028d856882f', '6d9c2ebd-3ea9-44af-bdc0-a1491527e780', '2025-06-07 00:00:00+07', '2025-07-06 00:00:00+07', '2025-05-31 00:00:00+07', '2025-06-07 00:00:00+07', 1050000, 0, 'Issued', 'Tagihan untuk kamar 11
Periode: 2025-06-07 to 2025-07-06', 'Automated Billing Task', 'Automated Billing Task', '2025-07-20 01:00:00.765+07', '2025-07-20 01:00:00.773+07', NULL),
('1055971d-2252-4a5f-ad27-6775c4a5635f', 'ef647122-36ed-43a4-81bb-6028d856882f', '6d9c2ebd-3ea9-44af-bdc0-a1491527e780', '2025-07-07 00:00:00+07', '2025-08-06 00:00:00+07', '2025-06-30 00:00:00+07', '2025-07-07 00:00:00+07', 1050000, 0, 'Issued', 'Tagihan untuk kamar 11
Periode: 2025-07-07 to 2025-08-06', 'Automated Billing Task', 'Automated Billing Task', '2025-07-20 01:00:00.788+07', '2025-07-20 01:00:00.795+07', NULL),
('7c721cf7-ad63-44b3-a674-0adbe55d2b5e', 'b03f8bc6-2411-4a0b-a5fa-213eec8ecca5', 'a37f4995-f7b2-4a22-82bf-84b50861a95b', '2025-06-15 00:00:00+07', '2025-07-14 00:00:00+07', '2025-06-08 00:00:00+07', '2025-06-15 00:00:00+07', 1250000, 0, 'Issued', 'Tagihan untuk kamar 29
Periode: 2025-06-15 to 2025-07-14', 'Automated Billing Task', 'Automated Billing Task', '2025-07-20 01:00:00.814+07', '2025-07-20 01:00:00.819+07', NULL),
('cedea80f-e03a-40e2-8a17-6b3185ce04f4', 'b03f8bc6-2411-4a0b-a5fa-213eec8ecca5', 'a37f4995-f7b2-4a22-82bf-84b50861a95b', '2025-07-15 00:00:00+07', '2025-08-14 00:00:00+07', '2025-07-08 00:00:00+07', '2025-07-15 00:00:00+07', 1250000, 0, 'Issued', 'Tagihan untuk kamar 29
Periode: 2025-07-15 to 2025-08-14', 'Automated Billing Task', 'Automated Billing Task', '2025-07-20 01:00:00.831+07', '2025-07-20 01:00:00.835+07', NULL),
('2327be2d-f57e-4a5c-ab6c-333aa75ce1dc', 'c79ab7fa-0eb3-4b0a-b0ca-11e5f8924448', 'ae738144-a8d7-4f5b-88f5-226e18d367ad', '2025-06-02 00:00:00+07', '2025-07-01 00:00:00+07', '2025-05-26 00:00:00+07', '2025-06-02 00:00:00+07', 1050000, 0, 'Issued', 'Tagihan untuk kamar 20
Periode: 2025-06-02 to 2025-07-01', 'Automated Billing Task', 'Automated Billing Task', '2025-07-20 01:00:00.851+07', '2025-07-20 01:00:00.864+07', NULL),
('a5506936-c183-48d6-9297-656f5ab77639', 'c79ab7fa-0eb3-4b0a-b0ca-11e5f8924448', 'ae738144-a8d7-4f5b-88f5-226e18d367ad', '2025-07-02 00:00:00+07', '2025-08-01 00:00:00+07', '2025-06-25 00:00:00+07', '2025-07-02 00:00:00+07', 1050000, 0, 'Issued', 'Tagihan untuk kamar 20
Periode: 2025-07-02 to 2025-08-01', 'Automated Billing Task', 'Automated Billing Task', '2025-07-20 01:00:00.876+07', '2025-07-20 01:00:00.883+07', NULL),
('3fcc03c5-3249-47d4-a2d1-656bf2500206', '39764a39-681d-488a-996a-b2bb7a91997a', '35ca30fc-ae24-4f58-808f-e9fb93b28d37', '2025-06-26 00:00:00+07', '2025-07-25 00:00:00+07', '2025-06-19 00:00:00+07', '2025-06-26 00:00:00+07', 500000, 0, 'Issued', 'Tagihan untuk kamar 37
Periode: 2025-06-26 to 2025-07-25', 'Automated Billing Task', 'Automated Billing Task', '2025-07-20 01:00:00.907+07', '2025-07-20 01:00:00.934+07', NULL),
('8ad3da6b-0fde-4936-97ea-fce1356748ca', 'd64d35c0-225e-47cc-a931-f58501d9b7af', '154ed529-e4e9-4c67-9169-9e466d3fc6e5', '2025-05-29 00:00:00+07', '2025-06-28 00:00:00+07', '2025-05-22 00:00:00+07', '2025-05-29 00:00:00+07', 1200000, 0, 'Issued', 'Tagihan untuk kamar 27
Periode: 2025-05-29 to 2025-06-28', 'Automated Billing Task', 'Automated Billing Task', '2025-07-20 01:00:00.954+07', '2025-07-20 01:00:00.961+07', NULL),
('0b8203c9-213a-4c1c-b6ad-5573fb7e8e4d', 'd64d35c0-225e-47cc-a931-f58501d9b7af', '154ed529-e4e9-4c67-9169-9e466d3fc6e5', '2025-06-29 00:00:00+07', '2025-07-28 00:00:00+07', '2025-06-22 00:00:00+07', '2025-06-29 00:00:00+07', 1200000, 0, 'Issued', 'Tagihan untuk kamar 27
Periode: 2025-06-29 to 2025-07-28', 'Automated Billing Task', 'Automated Billing Task', '2025-07-20 01:00:00.975+07', '2025-07-20 01:00:00.981+07', NULL),
('d53adce5-7c17-47ea-8944-606c118525cb', '406f26c2-f720-4758-a402-546b35d466ea', 'a7eef36b-a64d-4250-8a38-11edb279313d', '2025-06-02 00:00:00+07', '2025-07-01 00:00:00+07', '2025-05-26 00:00:00+07', '2025-06-02 00:00:00+07', 1000000, 0, 'Issued', 'Tagihan untuk kamar 07
Periode: 2025-06-02 to 2025-07-01', 'Automated Billing Task', 'Automated Billing Task', '2025-07-20 01:00:01.008+07', '2025-07-20 01:00:01.014+07', NULL),
('f76459b7-0a37-47fa-abf5-5dba9a05ee32', '406f26c2-f720-4758-a402-546b35d466ea', 'a7eef36b-a64d-4250-8a38-11edb279313d', '2025-07-02 00:00:00+07', '2025-08-01 00:00:00+07', '2025-06-25 00:00:00+07', '2025-07-02 00:00:00+07', 1000000, 0, 'Issued', 'Tagihan untuk kamar 07
Periode: 2025-07-02 to 2025-08-01', 'Automated Billing Task', 'Automated Billing Task', '2025-07-20 01:00:01.039+07', '2025-07-20 01:00:01.049+07', NULL),
('5d625bec-6e3f-4baa-bfc6-6c9ae50f5063', '62d57e18-d876-44fe-88aa-f1428b25c1f8', '9a10bc57-85a8-4894-8aa6-2e9ef170eb72', '2025-06-25 00:00:00+07', '2025-07-24 00:00:00+07', '2025-06-18 00:00:00+07', '2025-06-25 00:00:00+07', 1000000, 0, 'Issued', 'Tagihan untuk kamar 23
Periode: 2025-06-25 to 2025-07-24', 'Automated Billing Task', 'Automated Billing Task', '2025-07-20 01:00:01.062+07', '2025-07-20 01:00:01.065+07', NULL),
('15e0de98-4041-4e8f-8afb-3fd9ecae60b5', '6d5404b9-bb95-4d17-b1ab-1ec3e66a74eb', 'e6edd6a4-742f-4948-ba8f-0a497bd445f9', '2025-06-28 00:00:00+07', '2025-07-27 00:00:00+07', '2025-06-21 00:00:00+07', '2025-06-28 00:00:00+07', 1350000, 0, 'Issued', 'Tagihan untuk kamar 32
Periode: 2025-06-28 to 2025-07-27', 'Automated Billing Task', 'Automated Billing Task', '2025-07-20 01:00:01.083+07', '2025-07-20 01:00:01.087+07', NULL),
('00b8ffec-54af-42e8-80df-81890a7096ea', '52c07a7e-eeeb-48b0-b1d8-cdcb9a8f2ded', '192ee950-7b81-4404-a3fa-5ac69f907dd0', '2025-07-23 00:00:00+07', '2025-08-22 00:00:00+07', '2025-07-16 00:00:00+07', '2025-07-23 00:00:00+07', 1000000, 0, 'Issued', 'Tagihan untuk kamar 02
Periode: 2025-07-23 to 2025-08-22', 'Automated Billing Task', 'Automated Billing Task', '2025-07-20 01:00:01.135+07', '2025-07-20 01:00:01.139+07', NULL),
('e6ae5843-d001-4ec7-aad8-02c6a8129758', 'd8b6d86a-6b4c-45ae-857b-76a7c1d2497e', 'f3823b83-c2d4-4a63-bed0-b1a2aa100916', '2025-06-29 00:00:00+07', '2025-07-28 00:00:00+07', '2025-06-22 00:00:00+07', '2025-06-29 00:00:00+07', 1100000, 0, 'Issued', 'Tagihan untuk kamar 39
Periode: 2025-06-29 to 2025-07-28', 'Automated Billing Task', 'Automated Billing Task', '2025-07-20 01:00:01.152+07', '2025-07-20 01:00:01.156+07', NULL),
('3b4e7ea4-a136-40d9-bb27-5ec925e197d5', '42f0c8a3-ee92-4719-9aa1-417770be8cfd', '42620146-362a-4159-9000-e6a1a4e295b3', '2025-06-27 00:00:00+07', '2025-07-26 00:00:00+07', '2025-06-20 00:00:00+07', '2025-06-27 00:00:00+07', 1350000, 0, 'Issued', 'Tagihan untuk kamar 35
Periode: 2025-06-27 to 2025-07-26', 'Automated Billing Task', 'Automated Billing Task', '2025-07-20 01:00:01.17+07', '2025-07-20 01:00:01.174+07', NULL),
('b67134ea-5c0c-4a61-acd3-16aa02895d9e', '0f1f6d77-582d-4508-b560-00a6dfe7bdb5', '47122f20-9ed8-4b0d-8897-7ee479cce5da', '2025-05-05 00:00:00+07', '2025-06-04 00:00:00+07', '2025-04-28 00:00:00+07', '2025-05-05 00:00:00+07', 950000, 0, 'Issued', 'Tagihan untuk kamar 17
Periode: 2025-05-05 to 2025-06-04', 'Automated Billing Task', 'Automated Billing Task', '2025-07-20 01:00:01.228+07', '2025-07-20 01:00:01.234+07', NULL),
('6890b5af-67eb-445c-8375-d2eb2d254378', '0f1f6d77-582d-4508-b560-00a6dfe7bdb5', '47122f20-9ed8-4b0d-8897-7ee479cce5da', '2025-06-05 00:00:00+07', '2025-07-04 00:00:00+07', '2025-05-29 00:00:00+07', '2025-06-05 00:00:00+07', 950000, 0, 'Issued', 'Tagihan untuk kamar 17
Periode: 2025-06-05 to 2025-07-04', 'Automated Billing Task', 'Automated Billing Task', '2025-07-20 01:00:01.246+07', '2025-07-20 01:00:01.252+07', NULL),
('dcd4b277-e21e-4811-b0fd-62b5da3ee4b8', '0f1f6d77-582d-4508-b560-00a6dfe7bdb5', '47122f20-9ed8-4b0d-8897-7ee479cce5da', '2025-07-05 00:00:00+07', '2025-08-04 00:00:00+07', '2025-06-28 00:00:00+07', '2025-07-05 00:00:00+07', 950000, 0, 'Issued', 'Tagihan untuk kamar 17
Periode: 2025-07-05 to 2025-08-04', 'Automated Billing Task', 'Automated Billing Task', '2025-07-20 01:00:01.263+07', '2025-07-20 01:00:01.268+07', NULL),
('8f4a004d-e055-46d9-9a8e-545a88bd16bc', '6e8cdb5b-6ca8-4706-a6af-b58fc10b6f9a', 'c8ec2dfb-f778-4ea8-96b6-1c8e210e7c8e', '2025-06-30 00:00:00+07', '2025-07-31 23:59:59.999+07', '2025-06-23 00:00:00+07', '2025-06-30 00:00:00+07', 1250000, 0, 'Issued', 'Tagihan untuk kamar 28
Periode: 2025-06-30 to 2025-07-31', 'Automated Billing Task', 'Automated Billing Task', '2025-07-20 01:00:01.283+07', '2025-07-20 01:00:01.287+07', NULL),
('f7c11ac0-f4a9-4323-b3b1-5f465939cc4b', 'b2d08085-3a76-4c36-b176-fd9735131039', '703e8486-24e3-4f0a-8e71-bc692d00749c', '2025-05-29 00:00:00+07', '2025-06-28 00:00:00+07', '2025-05-22 00:00:00+07', '2025-05-29 00:00:00+07', 1150000, 0, 'Issued', 'Tagihan untuk kamar 22
Periode: 2025-05-29 to 2025-06-28', 'Automated Billing Task', 'Automated Billing Task', '2025-07-20 01:00:01.299+07', '2025-07-20 01:00:01.303+07', NULL),
('fb21aa09-d682-42de-bdda-9dfbf9d964d6', 'b2d08085-3a76-4c36-b176-fd9735131039', '703e8486-24e3-4f0a-8e71-bc692d00749c', '2025-06-29 00:00:00+07', '2025-07-28 00:00:00+07', '2025-06-22 00:00:00+07', '2025-06-29 00:00:00+07', 1150000, 0, 'Issued', 'Tagihan untuk kamar 22
Periode: 2025-06-29 to 2025-07-28', 'Automated Billing Task', 'Automated Billing Task', '2025-07-20 01:00:01.315+07', '2025-07-20 01:00:01.321+07', NULL),
('7b5cad72-547c-41ed-9369-36e7051787d8', '5c557a60-e68c-4bbd-8431-7499af927c90', '5ec392e6-e552-4ada-9441-60e4c1464baa', '2025-06-28 00:00:00+07', '2025-07-27 00:00:00+07', '2025-06-21 00:00:00+07', '2025-06-28 00:00:00+07', 105000, 0, 'Issued', 'Tagihan untuk kamar 13
Periode: 2025-06-28 to 2025-07-27', 'Automated Billing Task', 'Automated Billing Task', '2025-07-20 01:00:01.344+07', '2025-07-20 01:00:01.351+07', NULL),
('56f21447-5b1b-4c1a-b51a-5b60f4338ab8', '4b6b7185-a6e1-4aa2-a118-de5367cecf86', '1eb47689-3d88-4775-be8d-1db2511bc656', '2025-06-15 00:00:00+07', '2025-07-14 00:00:00+07', '2025-06-08 00:00:00+07', '2025-06-15 00:00:00+07', 1350000, 0, 'Issued', 'Tagihan untuk kamar 33
Periode: 2025-06-15 to 2025-07-14', 'Automated Billing Task', 'Automated Billing Task', '2025-07-20 01:00:01.374+07', '2025-07-20 01:00:01.381+07', NULL),
('ed7a8384-fe71-45a4-92de-2031b1e14d47', '4b6b7185-a6e1-4aa2-a118-de5367cecf86', '1eb47689-3d88-4775-be8d-1db2511bc656', '2025-07-15 00:00:00+07', '2025-08-14 00:00:00+07', '2025-07-08 00:00:00+07', '2025-07-15 00:00:00+07', 1350000, 0, 'Issued', 'Tagihan untuk kamar 33
Periode: 2025-07-15 to 2025-08-14', 'Automated Billing Task', 'Automated Billing Task', '2025-07-20 01:00:01.444+07', '2025-07-20 01:00:01.452+07', NULL),
('3f93654c-38bc-4415-8cf2-f4c9d3428110', 'd4d1355e-d488-40b3-be9c-f2afefd4c682', 'b85b9b32-f5d5-4460-8758-224ed40f42fa', '2025-06-01 00:00:00+07', '2025-06-30 00:00:00+07', '2025-05-25 00:00:00+07', '2025-06-01 00:00:00+07', 1100000, 0, 'Issued', 'Tagihan untuk kamar 08
Periode: 2025-06-01 to 2025-06-30', 'Automated Billing Task', 'Automated Billing Task', '2025-07-20 01:00:01.472+07', '2025-07-20 01:00:01.531+07', NULL),
('496f5944-84cd-49e2-ac03-66e3f7b96925', 'd4d1355e-d488-40b3-be9c-f2afefd4c682', 'b85b9b32-f5d5-4460-8758-224ed40f42fa', '2025-07-01 00:00:00+07', '2025-07-31 00:00:00+07', '2025-06-24 00:00:00+07', '2025-07-01 00:00:00+07', 1100000, 0, 'Issued', 'Tagihan untuk kamar 08
Periode: 2025-07-01 to 2025-07-31', 'Automated Billing Task', 'Automated Billing Task', '2025-07-20 01:00:01.548+07', '2025-07-20 01:00:01.554+07', NULL);


--
-- Data for Name: Charges; Type: TABLE DATA; Schema: public; Owner: wjccfjxl_residenza
--

INSERT INTO public."Charges"
VALUES
('cb8149c1-94bb-4f5b-9ca8-356f3cc2f714', 'f3cf73d1-2d3d-4f60-b031-8f6937aee0f3', 1000000, 'Sewa kamar', 'Sewa kamar 04', 'debit', 'aji.b.respati@gmail.com', 'aji.b.respati@gmail.com', '2025-06-01 16:21:20.57+07', '2025-06-01 16:21:20.57+07'),
('5956c465-8f35-4921-b8fa-5ca6311d360e', '76147c9f-68de-4c9e-b9c1-994608d11bd4', 1000000, 'Perbaikan closet', 'Perbaikan closet kamar 04 solo', 'debit', NULL, NULL, '2025-06-01 16:26:00.938+07', '2025-06-01 16:26:00.938+07'),
('515c4f12-ab8c-4f58-8b5f-982c00617c0c', '5c59f5fd-b9f0-4f79-940a-a39fa44a0121', 1000000, 'Sewa kamar', 'Sewa kamar 02', 'debit', 'aji.b.respati@gmail.com', 'aji.b.respati@gmail.com', '2025-06-01 16:29:06.88+07', '2025-06-01 16:29:06.88+07'),
('e01465d3-e7b8-40f5-b656-efc020270691', 'a49de478-ec3c-4ada-89ce-24cd0a957ed3', 1000000, 'Sewa kamar', 'Sewa kamar 05', 'debit', 'aji.b.respati@gmail.com', 'aji.b.respati@gmail.com', '2025-06-01 16:32:04.535+07', '2025-06-01 16:32:04.535+07'),
('045850c0-c19f-46e0-8762-1fdfce4566f6', '961d4390-efa9-4479-8260-484447b72df9', 1000000, 'Sewa kamar', 'Sewa kamar 01', 'debit', 'aji.b.respati@gmail.com', 'aji.b.respati@gmail.com', '2025-06-01 16:36:01.033+07', '2025-06-01 16:36:01.033+07'),
('7e6f2624-ff80-4c4d-9e23-a34b3dffd724', 'e337351f-d200-4dfc-a0cd-af2c9fe80809', 1200000, 'Sewa kamar', 'Sewa kamar 10', 'debit', 'aji.b.respati@gmail.com', 'aji.b.respati@gmail.com', '2025-06-01 16:38:32.355+07', '2025-06-01 16:38:32.355+07'),
('c29da594-66cb-4783-b75e-6589dd3f2ffd', '8bc41a64-cd8d-49d9-a46b-7661b2d4d3e5', 1000000, 'Sewa kamar', 'Sewa kamar 08', 'debit', 'aji.b.respati@gmail.com', 'aji.b.respati@gmail.com', '2025-06-01 19:23:38.521+07', '2025-06-01 19:23:38.521+07'),
('85a0554b-dac6-4a0e-bc16-99e464590cd3', '768d3d57-6467-4631-b9c9-28a51e31939f', 1000000, 'Sewa kamar', 'Sewa kamar 02', 'debit', 'Automated Billing Task', 'Automated Billing Task', '2025-06-02 04:46:00.164+07', '2025-06-02 04:46:00.164+07'),
('780308a4-6a68-4a59-b59a-04624ed0ce88', 'ed3a8914-dc8e-4bd7-bfc5-9ae1f468a5dc', 1000000, 'Sewa kamar', 'Sewa kamar 01', 'debit', 'Automated Billing Task', 'Automated Billing Task', '2025-06-02 04:46:00.216+07', '2025-06-02 04:46:00.216+07'),
('4f8bd3a3-8272-4daf-80ae-eb4de298abf7', '8c8b1a6a-89ce-485d-a551-03421394356e', 1000000, 'Sewa kamar', 'Sewa kamar 05', 'debit', 'Automated Billing Task', 'Automated Billing Task', '2025-06-02 04:46:00.26+07', '2025-06-02 04:46:00.26+07'),
('d996f72d-a154-43de-bd47-b776cb6b6d50', '49a971cd-0773-41be-b02d-99db3205d81d', 1000000, 'Sewa kamar', 'Sewa kamar 08', 'debit', 'Automated Billing Task', 'Automated Billing Task', '2025-06-02 04:46:00.301+07', '2025-06-02 04:46:00.301+07'),
('c6f5879e-b67f-47b5-9769-01470a3bf3bd', '9f061020-c226-451d-ba77-8f23fa2109ba', 1000000, 'Sewa kamar', 'Sewa kamar 03', 'debit', 's.sarjiman@gmail.com', 's.sarjiman@gmail.com', '2025-06-08 15:17:54.059+07', '2025-06-08 15:17:54.059+07'),
('8768d8ee-e661-4c45-8e56-889fac2cd6d7', '67ce0c08-3966-437f-a047-4c8381b96a78', 500000, 'Sewa kamar', 'Sewa kamar 11', 'debit', 's.sarjiman@gmail.com', 's.sarjiman@gmail.com', '2025-06-08 15:19:47.539+07', '2025-06-08 15:19:47.539+07'),
('ccc704a0-018d-4d85-a8d3-ca3c83979e74', '09fcdc9c-e08d-400d-9805-065409202969', 1200000, 'Sewa kamar', 'Sewa kamar 10', 'debit', 'Automated Billing Task', 'Automated Billing Task', '2025-06-09 01:00:00.193+07', '2025-06-09 01:00:00.193+07'),
('55f62e6a-ff36-4fad-9da9-273eda2081aa', 'edb9f054-d1b8-439d-bf2b-742080689090', 1000000, 'Sewa kamar', 'Sewa kamar 05', 'debit', 'Automated Billing Task', 'Automated Billing Task', '2025-06-10 01:00:00.346+07', '2025-06-10 01:00:00.346+07'),
('39fa9952-2c62-4169-abf1-e86f7bd1a3f7', 'f4fd5656-a9a0-455a-8fc6-547edae73c06', 1000000, 'Sewa kamar', 'Sewa kamar 08', 'debit', 'Automated Billing Task', 'Automated Billing Task', '2025-06-13 04:23:00.252+07', '2025-06-13 04:23:00.252+07'),
('c0c1a5bc-c668-4b10-ba14-3c75e31cd41e', '7d235147-99a4-4c86-8349-d29b315c898d', 1100000, 'Sewa kamar', 'Sewa kamar 01', 'debit', 's.sarjiman@gmail.com', 's.sarjiman@gmail.com', '2025-06-15 08:47:37.399+07', '2025-06-15 08:47:37.399+07'),
('049eca8e-f586-4c31-93a2-15c9b3f6e9c9', '2856726f-a3c7-49c0-8631-7b5de7021566', 950000, 'Sewa kamar', 'Sewa kamar 02', 'debit', 's.sarjiman@gmail.com', 's.sarjiman@gmail.com', '2025-06-15 09:24:39.769+07', '2025-06-15 09:24:39.769+07'),
('d38a2091-16b6-4122-99c8-345dab77feee', 'e1beae08-24a9-4d16-b3fa-8362ee3c0667', 950000, 'Sewa kamar', 'Sewa kamar 04', 'debit', 's.sarjiman@gmail.com', 's.sarjiman@gmail.com', '2025-06-15 09:26:32.641+07', '2025-06-15 09:26:32.641+07'),
('871d1692-b34e-40d7-87da-bebd9032511a', 'ef9fa777-bb5d-4334-8fba-5751eabdfa2c', 1050000, 'Sewa kamar', 'Sewa kamar 05', 'debit', 's.sarjiman@gmail.com', 's.sarjiman@gmail.com', '2025-06-15 09:47:47.638+07', '2025-06-15 09:47:47.638+07'),
('8624d4be-be42-4fa2-8b39-baf40641d4a2', 'c0baf289-8a99-4de3-8320-bce83b9d3673', 950000, 'Sewa kamar', 'Sewa kamar 04', 'debit', 'Automated Billing Task', 'Automated Billing Task', '2025-06-16 01:00:00.267+07', '2025-06-16 01:00:00.267+07'),
('4494640a-599c-4d99-97f8-87906535a6ee', '7bdab0ef-2283-4953-8935-9d0a4119f52b', 1000000, 'Sewa kamar', 'Sewa kamar 02', 'credit', 'Automated Billing Task', 'Automated Billing Task', '2025-06-21 01:00:00.184+07', '2025-06-21 01:00:00.184+07'),
('6c841dad-305e-4d6c-8994-1b2958f5e824', 'd2dc91f2-eee6-4237-980a-8c934330f5fd', 1050000, 'Sewa kamar', 'Sewa kamar 05', 'credit', 'Automated Billing Task', 'Automated Billing Task', '2025-06-25 01:00:00.346+07', '2025-06-25 01:00:00.346+07'),
('24d06b94-eed4-4945-9048-2abf3e31ce02', '7af3b7a6-1e00-410d-ac90-67753cb803f9', 1100000, 'Sewa kamar', 'Sewa kamar 01', 'credit', 'Automated Billing Task', 'Automated Billing Task', '2025-06-27 01:00:00.24+07', '2025-06-27 01:00:00.24+07'),
('a181c752-d5c6-439e-9d5d-416320ed9870', 'd1643e86-0411-445d-8f3d-72f05ae4eae2', 1000000, 'Sewa kamar', 'Sewa kamar 03', 'credit', 'Automated Billing Task', 'Automated Billing Task', '2025-06-27 01:00:00.293+07', '2025-06-27 01:00:00.293+07'),
('ab189b20-56c1-42ab-9e4a-9d5298d2e18b', '7a7a75f0-656f-4479-850e-b27b58575dbb', 1000000, 'Sewa kamar', 'Sewa kamar 01', 'credit', 'Automated Billing Task', 'Automated Billing Task', '2025-06-28 01:00:00.412+07', '2025-06-28 01:00:00.412+07'),
('2c6a801c-8a10-4514-b05b-389040bf603c', '84ddd963-a3d0-437c-937b-15758bf0e152', 950000, 'Sewa kamar', 'Sewa kamar 04', 'credit', 'Automated Billing Task', 'Automated Billing Task', '2025-06-29 01:00:02.197+07', '2025-06-29 01:00:02.197+07'),
('f7c07f39-7317-49c7-aab6-749bcbf705ad', '58bc4149-56fe-46e9-a71e-7a32660650bc', 800000, 'Sewa kamar', 'Sewa kamar 08', 'debit', 's.sarjiman@gmail.com', 's.sarjiman@gmail.com', '2025-07-01 07:44:34.447+07', '2025-07-01 07:44:34.447+07'),
('cbdd487a-c6b6-499a-9504-0e5b0080b84b', '30a8389e-aa49-43cd-af75-e4feddcd04da', 500000, 'Sewa kamar', 'Sewa kamar 11', 'credit', 'Automated Billing Task', 'Automated Billing Task', '2025-07-05 01:00:00.223+07', '2025-07-05 01:00:00.223+07'),
('fca6d757-e501-4563-b841-9f01b69b2456', '3fd96581-7ae2-4fa0-98ed-fd10a50c9c11', 400000, 'Sewa kamar', 'Sewa kamar 04', 'debit', 's.sarjiman@gmail.com', 's.sarjiman@gmail.com', '2025-07-06 11:20:50.572+07', '2025-07-06 11:20:50.572+07'),
('23c23340-bb65-414f-aace-4c77e92c0ca6', '5e467e45-de97-45d7-93f1-303415a45ec1', 1000000, 'Sewa kamar', 'Sewa kamar 08', 'debit', 's.sarjiman@gmail.com', 's.sarjiman@gmail.com', '2025-07-10 21:09:55.717+07', '2025-07-10 21:09:55.717+07'),
('f19efcf0-6602-4b51-8d1b-e9d13d850209', '84cf55e2-b5d5-4985-910a-5c6058d6b9a3', 950000, 'Sewa kamar', 'Sewa kamar 02', 'credit', 'Automated Billing Task', 'Automated Billing Task', '2025-07-11 01:00:00.239+07', '2025-07-11 01:00:00.239+07'),
('7461453c-bc34-4c8e-9752-d1147923ad9d', '78d4337e-3a12-4924-845e-73c27a2815e5', 1200000, 'Sewa kamar', 'Sewa kamar 10', 'credit', 'Automated Billing Task', 'Automated Billing Task', '2025-07-11 01:00:00.315+07', '2025-07-11 01:00:00.315+07'),
('75a3fe9d-051e-488c-b101-a8d97dd7b928', '8a43efa4-375f-4d3d-9bb0-170f2b377247', 1000000, 'Sewa kamar', 'Sewa kamar 05', 'credit', 'Automated Billing Task', 'Automated Billing Task', '2025-07-12 01:00:00.246+07', '2025-07-12 01:00:00.246+07'),
('1ee3fc32-e92c-4a95-9153-4faae54e89f3', 'dd61b244-34a3-4773-8d56-3860692e7027', 600000, 'Sewa kamar', 'Sewa kamar 05', 'debit', 's.sarjiman@gmail.com', 's.sarjiman@gmail.com', '2025-07-16 21:34:14.017+07', '2025-07-16 21:34:14.017+07'),
('9071a19c-bb66-4fdb-ace8-abb9ff106645', '29b84c5e-1a99-4898-a3ea-b495806c1268', 500000, 'Sewa kamar', 'Sewa kamar 12', 'debit', 's.sarjiman@gmail.com', 's.sarjiman@gmail.com', '2025-07-16 21:37:44.761+07', '2025-07-16 21:37:44.761+07'),
('94af3bfb-9f16-495a-8392-563c12ebf930', '2c25284b-0759-428f-a557-c24d664fd35e', 750000, 'Extend kosan 3 minggu lagi', 'extend kosan', 'credit', NULL, NULL, '2025-07-18 14:45:16.935+07', '2025-07-18 14:45:16.935+07'),
('434f0f4a-89cf-4527-b645-57cb0107b6a5', '8b8b15d5-28df-4078-8d14-80a8d251e177', 1100000, 'Sewa kamar', 'Sewa kamar 06', 'debit', 's.sarjiman@gmail.com', 's.sarjiman@gmail.com', '2025-07-18 21:43:39.336+07', '2025-07-18 21:43:39.336+07'),
('ca270f30-be32-4757-a309-02c9bbd00879', '50362c09-510b-4ea0-8f3b-40d1ebb2be5f', 1100000, 'Sewa kamar', 'Sewa kamar 06', 'credit', 'Automated Billing Task', 'Automated Billing Task', '2025-07-19 01:00:00.192+07', '2025-07-19 01:00:00.192+07'),
('44ccb3e5-8e66-435b-aeb1-e645b848a198', 'f8f92a2d-6cdf-4746-b0a8-d1dd10141770', 1100000, 'Sewa kamar', 'Sewa kamar 06', 'credit', 'Automated Billing Task', 'Automated Billing Task', '2025-07-19 01:00:00.225+07', '2025-07-19 01:00:00.225+07'),
('2a9cbedf-67ec-4000-bcb8-3148dafb15c4', '62ac8080-e708-48f1-b6db-e78f3478981b', 1000000, 'Sewa kamar', 'Sewa kamar 07', 'debit', 's.sarjiman@gmail.com', 's.sarjiman@gmail.com', '2025-07-19 10:33:20.252+07', '2025-07-19 10:33:20.252+07'),
('1b9f39ae-2e61-4524-b0f0-cfb1e8b26d0b', 'c450066e-d3ac-42bf-a759-7bfa9d929523', 1100000, 'Sewa kamar', 'Sewa kamar 08', 'debit', 's.sarjiman@gmail.com', 's.sarjiman@gmail.com', '2025-07-19 10:39:16.552+07', '2025-07-19 10:39:16.552+07'),
('400bd523-3f22-4002-b432-54f6aaa3a164', '89c6981f-e0cb-4eaa-b857-4dcc9a33935f', 1050000, 'Sewa kamar', 'Sewa kamar 10', 'debit', 's.sarjiman@gmail.com', 's.sarjiman@gmail.com', '2025-07-19 10:41:25.361+07', '2025-07-19 10:41:25.361+07'),
('8abad4e4-66a3-416d-ab08-1877117f89f3', '2a02e455-084f-4735-b4a2-39d8bfe5b19e', 1050000, 'Sewa kamar', 'Sewa kamar 11', 'debit', 's.sarjiman@gmail.com', 's.sarjiman@gmail.com', '2025-07-19 10:44:39.23+07', '2025-07-19 10:44:39.23+07'),
('4d3c8905-71c2-458d-bfce-8a78bbeb77b6', '987d1b35-d486-444f-95ef-606fcc2d883e', 1050000, 'Sewa kamar', 'Sewa kamar 12', 'debit', 's.sarjiman@gmail.com', 's.sarjiman@gmail.com', '2025-07-19 10:46:33.003+07', '2025-07-19 10:46:33.003+07'),
('78923f02-9dd3-486e-899d-c938df9e60a7', '7e3b376d-b090-4ea1-9b61-f592bf8f4dcd', 105000, 'Sewa kamar', 'Sewa kamar 13', 'debit', 's.sarjiman@gmail.com', 's.sarjiman@gmail.com', '2025-07-19 10:47:48.838+07', '2025-07-19 10:47:48.838+07'),
('417c51ed-d1f6-4e66-9ff4-a03c4192048f', '7a068d4d-91be-4619-ade2-4a03f7babbf9', 1200000, 'Sewa kamar', 'Sewa kamar 14', 'debit', 's.sarjiman@gmail.com', 's.sarjiman@gmail.com', '2025-07-19 10:49:43.857+07', '2025-07-19 10:49:43.857+07'),
('151c2a98-57b3-4015-93d9-5164aebbd0f8', '3bbd3f5b-0b5f-4965-b725-46bd0434ce24', 1050000, 'Sewa kamar', 'Sewa kamar 15', 'debit', 's.sarjiman@gmail.com', 's.sarjiman@gmail.com', '2025-07-19 10:50:55.326+07', '2025-07-19 10:50:55.326+07'),
('bee505fc-fcbb-45b2-a058-b104c3273443', 'dc4bdffa-d8e9-479a-ac79-ed682c3ad323', 950000, 'Sewa kamar', 'Sewa kamar 17', 'debit', 's.sarjiman@gmail.com', 's.sarjiman@gmail.com', '2025-07-19 12:36:41.045+07', '2025-07-19 12:36:41.045+07'),
('9a310ad7-3ab4-4056-b50c-f88531bf134b', 'c6d76e9c-e63a-4b33-b93f-5a11bb9bfa5b', 1050000, 'Sewa kamar', 'Sewa kamar 18', 'debit', 's.sarjiman@gmail.com', 's.sarjiman@gmail.com', '2025-07-19 12:39:20.116+07', '2025-07-19 12:39:20.116+07'),
('fa6f7e81-bf7a-45b6-9b3a-26b7b4301dbc', '224aee18-7a66-4468-8fde-625cf3782206', 950000, 'Sewa kamar', 'Sewa kamar 19', 'debit', 's.sarjiman@gmail.com', 's.sarjiman@gmail.com', '2025-07-19 12:42:09.586+07', '2025-07-19 12:42:09.586+07'),
('a9f11bda-0c1f-474f-bf30-afd4102f9001', '40f6caf4-e6fc-4d61-88eb-fa7373c262ed', 1050000, 'Sewa kamar', 'Sewa kamar 20', 'debit', 's.sarjiman@gmail.com', 's.sarjiman@gmail.com', '2025-07-19 12:54:47.94+07', '2025-07-19 12:54:47.94+07'),
('ca1ff36f-6da9-4ae1-a7fb-b46a5cb3d57c', 'e0125f04-0015-4bf4-968f-d3da7ab4f39a', 1050000, 'Sewa kamar', 'Sewa kamar 21', 'debit', 's.sarjiman@gmail.com', 's.sarjiman@gmail.com', '2025-07-19 12:56:24.55+07', '2025-07-19 12:56:24.55+07'),
('39fdf3b7-b18c-46d5-96a7-6571aed35370', '6f3af282-c553-4f59-b2d5-383a417ec4bf', 1150000, 'Sewa kamar', 'Sewa kamar 22', 'debit', 's.sarjiman@gmail.com', 's.sarjiman@gmail.com', '2025-07-19 12:59:25.673+07', '2025-07-19 12:59:25.673+07'),
('401c1d27-93a7-4356-9c8c-be579f76147b', '32cb7dbb-c3bb-43c2-b3bd-33f3fa7aa719', 1000000, 'Sewa kamar', 'Sewa kamar 23', 'debit', 's.sarjiman@gmail.com', 's.sarjiman@gmail.com', '2025-07-19 13:01:27.212+07', '2025-07-19 13:01:27.212+07'),
('d25b38ed-34f3-461e-973b-a887065894ac', '1c98bb16-5e7a-4290-bb1f-91e452e2cf0c', 1150000, 'Sewa kamar', 'Sewa kamar 24', 'debit', 's.sarjiman@gmail.com', 's.sarjiman@gmail.com', '2025-07-19 13:02:48.448+07', '2025-07-19 13:02:48.448+07'),
('95b1133c-1c9d-4330-914a-0ef3e1757c4f', '6c159b5e-5a28-4d9b-9624-457a7cbaef3d', 1200000, 'Sewa kamar', 'Sewa kamar 27', 'debit', 's.sarjiman@gmail.com', 's.sarjiman@gmail.com', '2025-07-19 14:42:49.894+07', '2025-07-19 14:42:49.894+07'),
('67c552b1-a602-4d15-8ad2-8898675e22aa', '69ebef8d-90d0-4816-acbb-97b1f50ad741', 1250000, 'Sewa kamar', 'Sewa kamar 28', 'debit', 's.sarjiman@gmail.com', 's.sarjiman@gmail.com', '2025-07-19 14:44:33.717+07', '2025-07-19 14:44:33.717+07'),
('a1c4b50f-c45d-4d8b-a45c-9af85dbd3aca', '6a5b2431-5759-4dbc-80af-2c1a797c447f', 1250000, 'Sewa kamar', 'Sewa kamar 29', 'debit', 's.sarjiman@gmail.com', 's.sarjiman@gmail.com', '2025-07-19 14:46:42.064+07', '2025-07-19 14:46:42.064+07'),
('7b879c82-4d9f-4a47-b1e2-fd754a9148b4', '347f0f79-59a7-4ca7-9fd6-d445832682aa', 1350000, 'Sewa kamar', 'Sewa kamar 30', 'debit', 's.sarjiman@gmail.com', 's.sarjiman@gmail.com', '2025-07-19 14:48:56.83+07', '2025-07-19 14:48:56.83+07'),
('c6cc3765-76a2-4626-a26f-6e258c3ea5ee', 'ea4520f3-d9c7-4824-8dab-8587cf88469b', 1300000, 'Sewa kamar', 'Sewa kamar 31', 'debit', 's.sarjiman@gmail.com', 's.sarjiman@gmail.com', '2025-07-19 14:53:22.156+07', '2025-07-19 14:53:22.156+07'),
('d8323a05-33b5-4c13-83a7-e88c73ab4497', '2ded0731-444a-4b90-a5bc-c4baf4b5ff7a', 1350000, 'Sewa kamar', 'Sewa kamar 32', 'debit', 's.sarjiman@gmail.com', 's.sarjiman@gmail.com', '2025-07-19 14:54:51.909+07', '2025-07-19 14:54:51.909+07'),
('d368b74a-d7a3-4c8f-a71c-4d2dcb55f7f7', '4e01491a-2387-429a-a4f6-ea21da69379b', 1350000, 'Sewa kamar', 'Sewa kamar 33', 'debit', 's.sarjiman@gmail.com', 's.sarjiman@gmail.com', '2025-07-19 14:57:25.499+07', '2025-07-19 14:57:25.499+07'),
('b3febe56-e0fe-46c6-ace1-39d2af799d26', '4e3dc7ef-6f28-4680-9ed0-64832067bfda', 1350000, 'Sewa kamar', 'Sewa kamar 34', 'debit', 's.sarjiman@gmail.com', 's.sarjiman@gmail.com', '2025-07-19 15:00:43.762+07', '2025-07-19 15:00:43.762+07'),
('2959db0a-d494-4ebe-9c01-92d2298629f1', 'f913f182-8c3f-42f4-8d64-c2e7e8186ec0', 1350000, 'Sewa kamar', 'Sewa kamar 35', 'debit', 's.sarjiman@gmail.com', 's.sarjiman@gmail.com', '2025-07-19 15:02:24.541+07', '2025-07-19 15:02:24.541+07'),
('2737bd94-b5e9-49e0-a697-260d9b6875db', 'f2f0ebc4-33b3-4b59-b6be-0533867fe235', 500000, 'Sewa kamar', 'Sewa kamar 37', 'debit', 's.sarjiman@gmail.com', 's.sarjiman@gmail.com', '2025-07-19 15:04:20.353+07', '2025-07-19 15:04:20.353+07'),
('1822171b-77a4-4feb-b642-f0f009062737', 'b2f22b08-42ca-4bc3-af7b-149628238517', 1100000, 'Sewa kamar', 'Sewa kamar 38', 'debit', 's.sarjiman@gmail.com', 's.sarjiman@gmail.com', '2025-07-19 15:05:58.935+07', '2025-07-19 15:05:58.935+07'),
('cef1a426-959f-4df3-9de2-57b09a6fcbe6', 'adbdc500-1efe-48ed-b9e9-6852f28c694e', 1100000, 'Sewa kamar', 'Sewa kamar 39', 'debit', 's.sarjiman@gmail.com', 's.sarjiman@gmail.com', '2025-07-19 15:07:21.784+07', '2025-07-19 15:07:21.784+07'),
('96910ce3-f147-4e2f-ba46-30172a721014', 'b08aa2b3-99d0-4a9a-b224-ac1606550834', 1100000, 'Sewa kamar', 'Sewa kamar 40', 'debit', 's.sarjiman@gmail.com', 's.sarjiman@gmail.com', '2025-07-19 15:08:33.896+07', '2025-07-19 15:08:33.896+07'),
('ebda82b7-8ec5-4b4d-acbe-9c3732d7464f', '73180c52-9a09-4a83-8d1f-451ef26dfa39', 1350000, 'Sewa kamar', 'Sewa kamar 34', 'credit', 'Automated Billing Task', 'Automated Billing Task', '2025-07-20 01:00:00.17+07', '2025-07-20 01:00:00.17+07'),
('1ca56f3b-8c9a-4b08-a5a1-87ea7ae629ef', 'a533deb4-543e-4251-8cd1-fdebf209d9b1', 1050000, 'Sewa kamar', 'Sewa kamar 18', 'credit', 'Automated Billing Task', 'Automated Billing Task', '2025-07-20 01:00:00.224+07', '2025-07-20 01:00:00.224+07'),
('28fca403-4832-4eea-a2e0-58c84d2181f0', '31121087-4973-4bf0-830a-014886e1e4ce', 1050000, 'Sewa kamar', 'Sewa kamar 18', 'credit', 'Automated Billing Task', 'Automated Billing Task', '2025-07-20 01:00:00.247+07', '2025-07-20 01:00:00.247+07'),
('0fa31114-51ed-48ef-b278-81a8504a1fca', '3dd92c65-2637-47fa-8b6a-31e51c5f56ef', 1050000, 'Sewa kamar', 'Sewa kamar 21', 'credit', 'Automated Billing Task', 'Automated Billing Task', '2025-07-20 01:00:00.277+07', '2025-07-20 01:00:00.277+07'),
('b4682d10-d1cd-4f98-8aec-603edcfabd6a', '5218f190-3264-4286-a9e8-eddbef4e4559', 1050000, 'Sewa kamar', 'Sewa kamar 21', 'credit', 'Automated Billing Task', 'Automated Billing Task', '2025-07-20 01:00:00.298+07', '2025-07-20 01:00:00.298+07'),
('3c391948-859a-46a1-9244-0c21581b883d', '47781e9a-5348-42cb-9fa2-d5589ec27bcb', 950000, 'Sewa kamar', 'Sewa kamar 19', 'credit', 'Automated Billing Task', 'Automated Billing Task', '2025-07-20 01:00:00.352+07', '2025-07-20 01:00:00.352+07'),
('856f1424-316c-404a-84fe-82903b51fbc3', '8ea3a4bc-3e5d-4d55-9505-9da396e9d1a9', 1100000, 'Sewa kamar', 'Sewa kamar 38', 'credit', 'Automated Billing Task', 'Automated Billing Task', '2025-07-20 01:00:00.384+07', '2025-07-20 01:00:00.384+07'),
('78664732-cda8-4477-88f4-deaebd24cca8', '08400f49-9b3e-4089-8385-db2bf4cab4f4', 1100000, 'Sewa kamar', 'Sewa kamar 38', 'credit', 'Automated Billing Task', 'Automated Billing Task', '2025-07-20 01:00:00.411+07', '2025-07-20 01:00:00.411+07'),
('540e7bbe-f00d-4747-9a4e-d0336d386cc3', 'f6a1464a-6b78-4072-9f94-9d98ea70ece1', 1150000, 'Sewa kamar', 'Sewa kamar 24', 'credit', 'Automated Billing Task', 'Automated Billing Task', '2025-07-20 01:00:00.441+07', '2025-07-20 01:00:00.441+07'),
('a2010b16-21b2-49d6-8b97-f228c35f146e', 'dfc8d8ab-1140-41bf-83ec-a5ca273b192d', 1300000, 'Sewa kamar', 'Sewa kamar 31', 'credit', 'Automated Billing Task', 'Automated Billing Task', '2025-07-20 01:00:00.471+07', '2025-07-20 01:00:00.471+07'),
('7454408a-d8fc-4de9-a71f-1d83b866b720', '56e09587-b3e4-4b63-b0a4-e68941ae67f0', 1300000, 'Sewa kamar', 'Sewa kamar 31', 'credit', 'Automated Billing Task', 'Automated Billing Task', '2025-07-20 01:00:00.529+07', '2025-07-20 01:00:00.529+07'),
('fdedfeda-7f2d-4b2a-b849-5b71a4375664', 'e7f3a33e-da5b-4440-83bc-089c9c58abed', 1050000, 'Sewa kamar', 'Sewa kamar 10', 'credit', 'Automated Billing Task', 'Automated Billing Task', '2025-07-20 01:00:00.558+07', '2025-07-20 01:00:00.558+07'),
('66d26e0b-6ab7-448d-ac6e-3b1ccd2e6f46', 'c88183c1-53a5-4df3-add7-fdb75cf32056', 1050000, 'Sewa kamar', 'Sewa kamar 10', 'credit', 'Automated Billing Task', 'Automated Billing Task', '2025-07-20 01:00:00.577+07', '2025-07-20 01:00:00.577+07'),
('36c4e55d-4279-41d8-9634-4db93702ab28', '261ed955-a1ad-452d-9126-c9b5fd39cb02', 1100000, 'Sewa kamar', 'Sewa kamar 40', 'credit', 'Automated Billing Task', 'Automated Billing Task', '2025-07-20 01:00:00.603+07', '2025-07-20 01:00:00.603+07'),
('779d3985-463e-47c7-8c79-318c20eb1183', 'c811b353-d196-486b-8330-e1cd41f47284', 1100000, 'Sewa kamar', 'Sewa kamar 40', 'credit', 'Automated Billing Task', 'Automated Billing Task', '2025-07-20 01:00:00.642+07', '2025-07-20 01:00:00.642+07'),
('c8b48970-74af-415a-9597-bd04e3b0c7de', '53d71d5f-91a2-4b96-bf27-de2d8054dd6b', 1200000, 'Sewa kamar', 'Sewa kamar 14', 'credit', 'Automated Billing Task', 'Automated Billing Task', '2025-07-20 01:00:00.664+07', '2025-07-20 01:00:00.664+07'),
('51f8963b-a023-49d6-964b-201a36e91181', 'f2b0df3a-bb6c-4960-beba-4586c1353512', 1200000, 'Sewa kamar', 'Sewa kamar 14', 'credit', 'Automated Billing Task', 'Automated Billing Task', '2025-07-20 01:00:00.697+07', '2025-07-20 01:00:00.697+07'),
('44524f93-9703-430f-8b65-6f0fbdf1f931', 'fd3f44fe-9acb-41c4-bdcd-91f71b4b7c72', 1350000, 'Sewa kamar', 'Sewa kamar 30', 'credit', 'Automated Billing Task', 'Automated Billing Task', '2025-07-20 01:00:00.723+07', '2025-07-20 01:00:00.723+07'),
('261ffc84-3b82-4531-af02-1096e66529ae', '32e442cc-7ca9-4778-a1dd-a09aecfb93f8', 1350000, 'Sewa kamar', 'Sewa kamar 30', 'credit', 'Automated Billing Task', 'Automated Billing Task', '2025-07-20 01:00:00.739+07', '2025-07-20 01:00:00.739+07'),
('4534b8ca-c296-44ff-a2d4-15e34de51e25', 'dd180c37-33eb-45cb-ba34-a3ccab94fb9a', 1050000, 'Sewa kamar', 'Sewa kamar 11', 'credit', 'Automated Billing Task', 'Automated Billing Task', '2025-07-20 01:00:00.77+07', '2025-07-20 01:00:00.77+07'),
('e508efd8-75c2-4023-acc0-c308be1e2290', '1055971d-2252-4a5f-ad27-6775c4a5635f', 1050000, 'Sewa kamar', 'Sewa kamar 11', 'credit', 'Automated Billing Task', 'Automated Billing Task', '2025-07-20 01:00:00.792+07', '2025-07-20 01:00:00.792+07'),
('3a8f26cb-d627-40c5-9a43-fee70a68cab5', '7c721cf7-ad63-44b3-a674-0adbe55d2b5e', 1250000, 'Sewa kamar', 'Sewa kamar 29', 'credit', 'Automated Billing Task', 'Automated Billing Task', '2025-07-20 01:00:00.817+07', '2025-07-20 01:00:00.817+07'),
('aa142c7c-d60e-4745-94fd-c53bace1f561', 'cedea80f-e03a-40e2-8a17-6b3185ce04f4', 1250000, 'Sewa kamar', 'Sewa kamar 29', 'credit', 'Automated Billing Task', 'Automated Billing Task', '2025-07-20 01:00:00.833+07', '2025-07-20 01:00:00.833+07'),
('73fb201e-5833-4b2f-8d08-a8744bd63631', '2327be2d-f57e-4a5c-ab6c-333aa75ce1dc', 1050000, 'Sewa kamar', 'Sewa kamar 20', 'credit', 'Automated Billing Task', 'Automated Billing Task', '2025-07-20 01:00:00.862+07', '2025-07-20 01:00:00.862+07'),
('fec833a9-7525-4ad9-9cd2-6c5956594d87', 'a5506936-c183-48d6-9297-656f5ab77639', 1050000, 'Sewa kamar', 'Sewa kamar 20', 'credit', 'Automated Billing Task', 'Automated Billing Task', '2025-07-20 01:00:00.88+07', '2025-07-20 01:00:00.88+07'),
('b8096e30-9a57-46b1-9b4f-0cae425930f4', '3fcc03c5-3249-47d4-a2d1-656bf2500206', 500000, 'Sewa kamar', 'Sewa kamar 37', 'credit', 'Automated Billing Task', 'Automated Billing Task', '2025-07-20 01:00:00.931+07', '2025-07-20 01:00:00.931+07'),
('4bd7d88c-3d24-419e-92b2-457e7ac3f7c1', '8ad3da6b-0fde-4936-97ea-fce1356748ca', 1200000, 'Sewa kamar', 'Sewa kamar 27', 'credit', 'Automated Billing Task', 'Automated Billing Task', '2025-07-20 01:00:00.958+07', '2025-07-20 01:00:00.958+07'),
('51609325-7f79-4149-8cad-25320fda619a', '0b8203c9-213a-4c1c-b6ad-5573fb7e8e4d', 1200000, 'Sewa kamar', 'Sewa kamar 27', 'credit', 'Automated Billing Task', 'Automated Billing Task', '2025-07-20 01:00:00.979+07', '2025-07-20 01:00:00.979+07'),
('374dd8cf-4fb8-420c-8422-8e09df5069c8', 'd53adce5-7c17-47ea-8944-606c118525cb', 1000000, 'Sewa kamar', 'Sewa kamar 07', 'credit', 'Automated Billing Task', 'Automated Billing Task', '2025-07-20 01:00:01.011+07', '2025-07-20 01:00:01.011+07'),
('2f081ca4-e80e-4892-be9a-a421aa878819', 'f76459b7-0a37-47fa-abf5-5dba9a05ee32', 1000000, 'Sewa kamar', 'Sewa kamar 07', 'credit', 'Automated Billing Task', 'Automated Billing Task', '2025-07-20 01:00:01.042+07', '2025-07-20 01:00:01.042+07'),
('4fcc5de3-0bfb-4c8b-a003-9673c0e029d2', '5d625bec-6e3f-4baa-bfc6-6c9ae50f5063', 1000000, 'Sewa kamar', 'Sewa kamar 23', 'credit', 'Automated Billing Task', 'Automated Billing Task', '2025-07-20 01:00:01.064+07', '2025-07-20 01:00:01.064+07'),
('06910d97-c4b8-4921-bf70-058ecb89ba23', '15e0de98-4041-4e8f-8afb-3fd9ecae60b5', 1350000, 'Sewa kamar', 'Sewa kamar 32', 'credit', 'Automated Billing Task', 'Automated Billing Task', '2025-07-20 01:00:01.085+07', '2025-07-20 01:00:01.085+07'),
('02f2a28d-0486-4a7f-8a72-e04c9d3f6f20', '00b8ffec-54af-42e8-80df-81890a7096ea', 1000000, 'Sewa kamar', 'Sewa kamar 02', 'credit', 'Automated Billing Task', 'Automated Billing Task', '2025-07-20 01:00:01.138+07', '2025-07-20 01:00:01.138+07'),
('82d644c5-5192-4cc3-8317-d948a30165dd', 'e6ae5843-d001-4ec7-aad8-02c6a8129758', 1100000, 'Sewa kamar', 'Sewa kamar 39', 'credit', 'Automated Billing Task', 'Automated Billing Task', '2025-07-20 01:00:01.155+07', '2025-07-20 01:00:01.155+07'),
('55dbe401-2398-45e7-9734-6fbf91c3aeb1', '3b4e7ea4-a136-40d9-bb27-5ec925e197d5', 1350000, 'Sewa kamar', 'Sewa kamar 35', 'credit', 'Automated Billing Task', 'Automated Billing Task', '2025-07-20 01:00:01.172+07', '2025-07-20 01:00:01.172+07'),
('0c566939-cef1-4c0d-936b-4c8fabbfb1a7', 'b67134ea-5c0c-4a61-acd3-16aa02895d9e', 950000, 'Sewa kamar', 'Sewa kamar 17', 'credit', 'Automated Billing Task', 'Automated Billing Task', '2025-07-20 01:00:01.232+07', '2025-07-20 01:00:01.232+07'),
('d5e5454e-e117-463e-87bd-ce6a9c21e342', '6890b5af-67eb-445c-8375-d2eb2d254378', 950000, 'Sewa kamar', 'Sewa kamar 17', 'credit', 'Automated Billing Task', 'Automated Billing Task', '2025-07-20 01:00:01.25+07', '2025-07-20 01:00:01.25+07'),
('d705f766-5112-420b-90b2-cc01c0ccea53', 'dcd4b277-e21e-4811-b0fd-62b5da3ee4b8', 950000, 'Sewa kamar', 'Sewa kamar 17', 'credit', 'Automated Billing Task', 'Automated Billing Task', '2025-07-20 01:00:01.266+07', '2025-07-20 01:00:01.266+07'),
('baaca867-8313-4f4f-930f-372d9b6d64b8', '8f4a004d-e055-46d9-9a8e-545a88bd16bc', 1250000, 'Sewa kamar', 'Sewa kamar 28', 'credit', 'Automated Billing Task', 'Automated Billing Task', '2025-07-20 01:00:01.286+07', '2025-07-20 01:00:01.286+07'),
('bae73ecf-bfc7-423b-9aa1-f927070e84c6', 'f7c11ac0-f4a9-4323-b3b1-5f465939cc4b', 1150000, 'Sewa kamar', 'Sewa kamar 22', 'credit', 'Automated Billing Task', 'Automated Billing Task', '2025-07-20 01:00:01.302+07', '2025-07-20 01:00:01.302+07'),
('c0995a1f-f99f-4482-915c-baa9a2405de5', 'fb21aa09-d682-42de-bdda-9dfbf9d964d6', 1150000, 'Sewa kamar', 'Sewa kamar 22', 'credit', 'Automated Billing Task', 'Automated Billing Task', '2025-07-20 01:00:01.319+07', '2025-07-20 01:00:01.319+07'),
('789c1a32-94a4-404a-b584-97a3ece74e81', '7b5cad72-547c-41ed-9369-36e7051787d8', 105000, 'Sewa kamar', 'Sewa kamar 13', 'credit', 'Automated Billing Task', 'Automated Billing Task', '2025-07-20 01:00:01.348+07', '2025-07-20 01:00:01.348+07'),
('be2f027b-be11-43c8-9078-675cfa461c79', '56f21447-5b1b-4c1a-b51a-5b60f4338ab8', 1350000, 'Sewa kamar', 'Sewa kamar 33', 'credit', 'Automated Billing Task', 'Automated Billing Task', '2025-07-20 01:00:01.379+07', '2025-07-20 01:00:01.379+07'),
('ccca2c4a-c757-4936-b863-488fe8c94ae8', 'ed7a8384-fe71-45a4-92de-2031b1e14d47', 1350000, 'Sewa kamar', 'Sewa kamar 33', 'credit', 'Automated Billing Task', 'Automated Billing Task', '2025-07-20 01:00:01.448+07', '2025-07-20 01:00:01.448+07'),
('67d54862-fa15-4cc4-a128-159e81ad4232', '3f93654c-38bc-4415-8cf2-f4c9d3428110', 1100000, 'Sewa kamar', 'Sewa kamar 08', 'credit', 'Automated Billing Task', 'Automated Billing Task', '2025-07-20 01:00:01.476+07', '2025-07-20 01:00:01.476+07'),
('e2a2935d-1278-4082-9d2c-a8d0c17353fe', '496f5944-84cd-49e2-ac03-66e3f7b96925', 1100000, 'Sewa kamar', 'Sewa kamar 08', 'credit', 'Automated Billing Task', 'Automated Billing Task', '2025-07-20 01:00:01.552+07', '2025-07-20 01:00:01.552+07');


--
-- Data for Name: Expenses; Type: TABLE DATA; Schema: public; Owner: wjccfjxl_residenza
--

INSERT INTO public."Expenses" VALUES ('891fd003-2f1c-4511-9ff9-2fea906696c8', 'e3d94fb3-4e85-4d28-a5b2-9674e9662ab2', NULL, 'Perbaikan Closet', 1000000, '2025-05-13 00:00:00+07', 'Bank Transfer', NULL, 'Perbaikan closet kamar 04 Solo.', 'aji.b.respati@gmail.com', 'aji.b.respati@gmail.com', '2025-06-01 11:33:59.219+07', '2025-06-01 11:33:59.219+07'),
('dcf162ee-5e91-4e48-bfae-e900db307ea8', 'e3d94fb3-4e85-4d28-a5b2-9674e9662ab2', NULL, 'Token Listrik', 200000, '2025-05-01 00:00:00+07', 'Online Payment', NULL, 'Bayar Listrik Kosan', 's.sarjiman@gmail.com', 's.sarjiman@gmail.com', '2025-06-08 16:02:10.269+07', '2025-06-08 16:02:10.269+07'),
('cf67725e-07f5-4118-9a84-cdde6c75d3c8', 'e3d94fb3-4e85-4d28-a5b2-9674e9662ab2', NULL, 'Token Listrik', 200000, '2025-05-01 00:00:00+07', 'Online Payment', NULL, 'Bayar Listrik Kosan', 's.sarjiman@gmail.com', 's.sarjiman@gmail.com', '2025-06-08 16:02:10.485+07', '2025-06-08 16:02:10.485+07'),
('172dedca-bde7-4004-8b31-5cec9bb81f31', 'e3d94fb3-4e85-4d28-a5b2-9674e9662ab2', NULL, 'Internet', 487290, '2025-05-01 00:00:00+07', 'Online Payment', NULL, 'Bayar internet kos', 's.sarjiman@gmail.com', 's.sarjiman@gmail.com', '2025-06-08 16:04:18.732+07', '2025-06-08 16:04:18.732+07'),
('ea0c6779-e79b-46b1-a153-6fc8d7f50008', 'e3d94fb3-4e85-4d28-a5b2-9674e9662ab2', NULL, 'Bayar rewang kebersihan', 600000, '2025-05-30 00:00:00+07', 'Online Payment', NULL, 'Bayar Rewang per minggu 150,000', 's.sarjiman@gmail.com', 's.sarjiman@gmail.com', '2025-06-08 16:05:17.561+07', '2025-06-08 16:05:17.561+07'),
('02f4c3a2-4779-4c31-9b52-b28714f3099b', 'e3d94fb3-4e85-4d28-a5b2-9674e9662ab2', NULL, 'Internet Indihome ', 490090, '2025-06-16 00:00:00+07', 'Online Payment', NULL, 'Di bayar oleh sarjiman', 's.sarjiman@gmail.com', 's.sarjiman@gmail.com', '2025-06-16 06:10:55.765+07', '2025-06-16 06:10:55.765+07'),
('fd3a38fa-6544-429d-abc3-3a94318eaafe', 'e3d94fb3-4e85-4d28-a5b2-9674e9662ab2', NULL, 'listrik', 200000, '2025-07-04 00:00:00+07', 'Online Payment', NULL, '', 's.sarjiman@gmail.com', 's.sarjiman@gmail.com', '2025-07-06 11:22:19.049+07', '2025-07-06 11:22:19.049+07'),
('3b40bf36-f3d8-43bf-8bd6-589349369ab5', 'e3d94fb3-4e85-4d28-a5b2-9674e9662ab2', NULL, 'Kembalikan Kos Kamar8', 400000, '2025-07-04 00:00:00+07', 'Bank Transfer', NULL, 'Tidak jadi kost full 2 minggu', 's.sarjiman@gmail.com', 's.sarjiman@gmail.com', '2025-07-06 11:23:14.139+07', '2025-07-06 11:23:14.139+07');


--
-- Data for Name: OtherCosts; Type: TABLE DATA; Schema: public; Owner: wjccfjxl_residenza
--

INSERT INTO public."OtherCosts"
VALUES
('e415ab69-793f-47dd-a5c7-e6bc9add2845', '22c7503c-1e31-4cec-ae9f-447ec9a0ba54', 1000000, 'Perbaikan Closet', 'Perbaikan closet kamar 04 Solo', NULL, NULL, 'billed', NULL, true, '2025-06-01 11:29:46.292+07', '2025-06-01 11:29:46.328+07'),
('120835e9-dc06-45b3-8bc9-8d04e8ec1f09', '22c7503c-1e31-4cec-ae9f-447ec9a0ba54', 1000000, 'Perbaikan Closet', 'Perbaikan closet kamar 04 solo', NULL, NULL, 'billed', NULL, true, '2025-06-01 16:07:01.849+07', '2025-06-01 16:07:01.87+07'),
('5b5de515-0ee4-44e4-a848-814061a21d1c', '22c7503c-1e31-4cec-ae9f-447ec9a0ba54', 1000000, 'Perbaikan closet', 'Perbaikan closet kamar 04 solo', NULL, NULL, 'billed', '76147c9f-68de-4c9e-b9c1-994608d11bd4', true, '2025-06-01 16:26:00.926+07', '2025-06-01 16:26:00.941+07'),
('f6189c21-67a9-40c8-bd45-e6c7113aa19b', '22c7503c-1e31-4cec-ae9f-447ec9a0ba54', 750000, 'Extend kosan 3 minggu lagi', 'extend kosan', NULL, NULL, 'billed', '2c25284b-0759-428f-a557-c24d664fd35e', true, '2025-07-18 14:45:16.912+07', '2025-07-18 14:45:16.942+07');


--
-- Data for Name: Payments; Type: TABLE DATA; Schema: public; Owner: wjccfjxl_residenza
--



--
-- Data for Name: RoomHistories; Type: TABLE DATA; Schema: public; Owner: wjccfjxl_residenza
--



--
-- Data for Name: RoomPrices; Type: TABLE DATA; Schema: public; Owner: wjccfjxl_residenza
--



--
-- Data for Name: Transactions; Type: TABLE DATA; Schema: public; Owner: wjccfjxl_residenza
--

INSERT INTO public."Transactions" VALUES ('45eb9742-5de9-427e-ba72-b48373c004f5', '7bdab0ef-2283-4953-8935-9d0a4119f52b', 1000000, '2025-06-24 00:00:00+07', 'Cash', NULL, 'testing masih hardcode', 's.sarjiman@gmail.com', 's.sarjiman@gmail.com', '2025-06-25 06:47:31.059+07', '2025-06-25 06:47:31.059+07'),
('4fd750e0-356f-4865-a8d2-8033f690eca8', '58bc4149-56fe-46e9-a71e-7a32660650bc', 800000, '2025-07-01 00:00:00+07', 'Cash', NULL, 'testing masih hardcode', 's.sarjiman@gmail.com', 's.sarjiman@gmail.com', '2025-07-01 07:45:00.583+07', '2025-07-01 07:45:00.583+07'),
('46889914-ca4a-4741-9936-1af68ea80c14', 'd1643e86-0411-445d-8f3d-72f05ae4eae2', 1000000, '2025-07-01 00:00:00+07', 'Cash', NULL, 'testing masih hardcode', 's.sarjiman@gmail.com', 's.sarjiman@gmail.com', '2025-07-02 08:13:37.482+07', '2025-07-02 08:13:37.482+07'),
('6c16b75d-5fb1-4762-b2b3-6707669c5644', '7a7a75f0-656f-4479-850e-b27b58575dbb', 1000000, '2025-07-01 00:00:00+07', 'Cash', NULL, 'testing masih hardcode', 's.sarjiman@gmail.com', 's.sarjiman@gmail.com', '2025-07-04 09:00:44.289+07', '2025-07-04 09:00:44.289+07'),
('ae4a0a1f-75f5-46de-9c25-741ad5bf8ec0', '3fd96581-7ae2-4fa0-98ed-fd10a50c9c11', 400000, '2025-07-05 00:00:00+07', 'Cash', NULL, 'testing masih hardcode', 's.sarjiman@gmail.com', 's.sarjiman@gmail.com', '2025-07-06 11:21:14.992+07', '2025-07-06 11:21:14.992+07'),
('a2fe8515-15e9-4b43-ac1b-a4653da335aa', '5e467e45-de97-45d7-93f1-303415a45ec1', 1000000, '2025-07-10 00:00:00+07', 'Cash', NULL, 'testing masih hardcode', 's.sarjiman@gmail.com', 's.sarjiman@gmail.com', '2025-07-10 21:10:27.634+07', '2025-07-10 21:10:27.634+07'),
('6e1775ba-38ca-4920-bf1c-4e99060e053b', '78d4337e-3a12-4924-845e-73c27a2815e5', 1200000, '2025-07-14 00:00:00+07', 'Cash', NULL, 'testing masih hardcode', 's.sarjiman@gmail.com', 's.sarjiman@gmail.com', '2025-07-15 07:53:33.024+07', '2025-07-15 07:53:33.024+07'),
('e08778cb-9c43-4254-8c41-39fbdc9e99b2', 'dd61b244-34a3-4773-8d56-3860692e7027', 600000, '2025-07-16 00:00:00+07', 'Cash', NULL, 'testing masih hardcode', 's.sarjiman@gmail.com', 's.sarjiman@gmail.com', '2025-07-16 21:35:13.97+07', '2025-07-16 21:35:13.97+07'),
('880f3306-704e-49e4-ba03-5167dc85b91e', '29b84c5e-1a99-4898-a3ea-b495806c1268', 500000, '2025-07-16 00:00:00+07', 'Cash', NULL, 'testing masih hardcode', 's.sarjiman@gmail.com', 's.sarjiman@gmail.com', '2025-07-16 21:38:12.088+07', '2025-07-16 21:38:12.088+07'),
('b6d1799c-896b-4cf3-baba-abc6711add1f', 'f3cf73d1-2d3d-4f60-b031-8f6937aee0f3', 1000000, '2025-04-15 00:00:00+07', 'Cash', NULL, 'testing masih hardcode', 'aji.b.respati@gmail.com', 'aji.b.respati@gmail.com', '2025-06-01 16:24:03.21+07', '2025-06-01 16:24:03.21+07'),
('41627875-da62-4307-8703-4ffcccdc95e3', '76147c9f-68de-4c9e-b9c1-994608d11bd4', 1000000, '2025-05-13 00:00:00+07', 'Cash', NULL, 'testing masih hardcode', 'aji.b.respati@gmail.com', 'aji.b.respati@gmail.com', '2025-06-01 16:26:19.539+07', '2025-06-01 16:26:19.539+07'),
('4069e255-7e49-4197-9de7-ee0a03c8ef25', '5c59f5fd-b9f0-4f79-940a-a39fa44a0121', 1000000, '2025-04-23 00:00:00+07', 'Cash', NULL, 'testing masih hardcode', 'aji.b.respati@gmail.com', 'aji.b.respati@gmail.com', '2025-06-01 16:30:02.656+07', '2025-06-01 16:30:02.656+07'),
('8fbc9ff0-71a6-41df-89d0-2b7770d22416', 'a49de478-ec3c-4ada-89ce-24cd0a957ed3', 1000000, '2025-04-15 00:00:00+07', 'Cash', NULL, 'testing masih hardcode', 'aji.b.respati@gmail.com', 'aji.b.respati@gmail.com', '2025-06-01 16:32:29.988+07', '2025-06-01 16:32:29.988+07'),
('008e1f44-56c0-44d2-994e-b07bd14c3435', '961d4390-efa9-4479-8260-484447b72df9', 1000000, '2025-05-01 00:00:00+07', 'Cash', NULL, 'testing masih hardcode', 'aji.b.respati@gmail.com', 'aji.b.respati@gmail.com', '2025-06-01 16:36:38.285+07', '2025-06-01 16:36:38.285+07'),
('2905a65d-3688-4d29-9c68-edc6b4e2268d', 'e337351f-d200-4dfc-a0cd-af2c9fe80809', 1200000, '2025-05-14 00:00:00+07', 'Cash', NULL, 'testing masih hardcode', 'aji.b.respati@gmail.com', 'aji.b.respati@gmail.com', '2025-06-01 16:39:04.591+07', '2025-06-01 16:39:04.591+07'),
('a33a7cdc-6672-454a-857a-ceb8d3e850a6', '2c25284b-0759-428f-a557-c24d664fd35e', 750000, '2025-07-11 00:00:00+07', 'Cash', NULL, 'testing masih hardcode', 's.sarjiman@gmail.com', 's.sarjiman@gmail.com', '2025-07-18 14:45:35+07', '2025-07-18 14:45:35+07'),
('5408461c-d2e5-408a-9d2b-2ebade761fbe', '8bc41a64-cd8d-49d9-a46b-7661b2d4d3e5', 1000000, '2025-04-16 00:00:00+07', 'Cash', NULL, 'testing masih hardcode', 'aji.b.respati@gmail.com', 'aji.b.respati@gmail.com', '2025-06-01 19:24:08.668+07', '2025-06-01 19:24:08.668+07'),
('6107249a-d7e1-4f10-b2fd-b3d3fb592a77', '8c8b1a6a-89ce-485d-a551-03421394356e', 1000000, '2025-05-17 00:00:00+07', 'Cash', NULL, 'testing masih hardcode', 'aji.b.respati@gmail.com', 'aji.b.respati@gmail.com', '2025-06-02 05:06:02.367+07', '2025-06-02 05:06:02.367+07'),
('70f8c721-26b2-46c2-9c0d-c6f1d2020133', '49a971cd-0773-41be-b02d-99db3205d81d', 1000000, '2025-05-18 00:00:00+07', 'Cash', NULL, 'testing masih hardcode', 'aji.b.respati@gmail.com', 'aji.b.respati@gmail.com', '2025-06-02 05:06:51.56+07', '2025-06-02 05:06:51.56+07'),
('9569af92-4652-41ad-b1bc-702e29eea82e', '9f061020-c226-451d-ba77-8f23fa2109ba', 1000000, '2025-05-30 00:00:00+07', 'Cash', NULL, 'testing masih hardcode', 's.sarjiman@gmail.com', 's.sarjiman@gmail.com', '2025-06-08 15:58:50.748+07', '2025-06-08 15:58:50.748+07'),
('b8298626-f39e-4e70-a84c-19b61b88660d', 'ed3a8914-dc8e-4bd7-bfc5-9ae1f468a5dc', 1000000, '2025-06-01 00:00:00+07', 'Cash', NULL, 'testing masih hardcode', 's.sarjiman@gmail.com', 's.sarjiman@gmail.com', '2025-06-08 15:59:29.909+07', '2025-06-08 15:59:29.909+07'),
('e15ca036-5776-4413-afe9-5331c0e7d2c3', '768d3d57-6467-4631-b9c9-28a51e31939f', 1000000, '2025-06-04 00:00:00+07', 'Cash', NULL, 'testing masih hardcode', 's.sarjiman@gmail.com', 's.sarjiman@gmail.com', '2025-06-08 16:00:09.658+07', '2025-06-08 16:00:09.658+07'),
('975f2231-56d8-4702-957b-ec6670c46b9a', '67ce0c08-3966-437f-a047-4c8381b96a78', 500000, '2025-06-08 00:00:00+07', 'Cash', NULL, 'testing masih hardcode', 's.sarjiman@gmail.com', 's.sarjiman@gmail.com', '2025-06-11 14:15:12.609+07', '2025-06-11 14:15:12.609+07'),
('85d5c784-3bcf-4912-81b8-c9729df71dd0', 'edb9f054-d1b8-439d-bf2b-742080689090', 1000000, '2025-06-17 00:00:00+07', 'Cash', NULL, 'testing masih hardcode', 's.sarjiman@gmail.com', 's.sarjiman@gmail.com', '2025-06-18 22:09:51.502+07', '2025-06-18 22:09:51.502+07'),
('47f50045-2518-4df6-824b-eeeae4ff94be', '09fcdc9c-e08d-400d-9805-065409202969', 1200000, '2025-06-17 00:00:00+07', 'Cash', NULL, 'testing masih hardcode', 's.sarjiman@gmail.com', 's.sarjiman@gmail.com', '2025-06-18 22:10:39.979+07', '2025-06-18 22:10:39.979+07');


--
-- Data for Name: Users; Type: TABLE DATA; Schema: public; Owner: wjccfjxl_residenza
--

INSERT INTO public."Users" VALUES ('a5a39a37-4677-4151-8ea8-dea2b9c63aef', 's.sarjiman@gmail.com', '$2a$10$hu3NCqI/kp8bcuWCarDF6eFDkAHZZmFRuIovLlI34H175Y4dgLyLq', 'eyJhbGciOiJIUzI1NiIsInR5cCI6IkpXVCJ9.eyJpZCI6ImE1YTM5YTM3LTQ2NzctNDE1MS04ZWE4LWRlYTJiOWM2M2FlZiIsImlhdCI6MTc1Mjg5NDE3MywiZXhwIjoxNzUzNDk4OTczfQ.C-mYvi_GlXVwgqqEM5gO6-Txn9JXw_uCpKYKc4mtCjg', NULL, NULL, NULL, NULL, 's.sarjiman@gmail.com', 2, 'Pemilik', 'active', NULL, '2025-04-30 10:24:22.257+07', '2025-07-19 10:02:53.155+07');
INSERT INTO public."Users" VALUES ('b9f0e8f6-3b8b-4dcb-bfde-3fb4a02db852', 'aji.b.respati@gmail.com', '$2a$10$a6DBY1dNRUa9Ac27pYJpc.l5tOuFGNzsqXp7dnXnI46XCGTYnt722', 'eyJhbGciOiJIUzI1NiIsInR5cCI6IkpXVCJ9.eyJpZCI6ImI5ZjBlOGY2LTNiOGItNGRjYi1iZmRlLTNmYjRhMDJkYjg1MiIsImlhdCI6MTc1MzA2NjI0NiwiZXhwIjoxNzUzNjcxMDQ2fQ.W6MKlsovt8I15B_qKe_xlMd6gd5piTTHZ8w7q2URJOU', NULL, NULL, NULL, NULL, 'aji.b.respati@gmail.com', 1, 'Admin', 'active', NULL, '2025-04-30 06:27:29.231+07', '2025-07-21 09:50:46.77+07');
INSERT INTO public."Users" VALUES ('6b5bc7dc-bc74-4605-9a90-9ed103d98230', 'residenza.indo@gmail.com', '$2a$10$IiSAgx7TtsholNceZE1Oq..90yvU/I/9PzpcoX6aPgZqJG0IkZg4O', NULL, NULL, NULL, NULL, NULL, 'residenza.indo@gmail.com', 0, 'Petugas Kost', 'new', NULL, '2025-06-16 06:06:10.686+07', '2025-06-16 06:06:10.686+07');


--
-- PostgreSQL database dump complete
--
